fecha,criterio,flat_delta_star,flat_worst_case,flat_max_regret,robust_delta_star,robust_worst_case,robust_max_regret,agreement_delta
2020-01-03,naive,-30.0,0.0,0.0,-30.0,0.0,0.0,1.0
2020-01-03,maximin,-30.0,0.0,0.0,-30.0,0.0,0.0,1.0
2020-01-03,maximax,-30.0,0.0,0.0,-30.0,0.0,0.0,1.0
2020-01-03,savage,-30.0,0.0,0.0,-30.0,0.0,0.0,1.0
2020-01-06,naive,-30.0,0.0,0.0,-30.0,0.0,0.0,1.0
2020-01-06,maximin,-30.0,0.0,0.0,-30.0,0.0,0.0,1.0
2020-01-06,maximax,-30.0,0.0,0.0,-30.0,0.0,0.0,1.0
2020-01-06,savage,-30.0,0.0,0.0,-30.0,0.0,0.0,1.0
2020-01-09,naive,-30.0,0.0,0.0,-30.0,0.0,0.0,1.0
2020-01-09,maximin,-30.0,0.0,0.0,-30.0,0.0,0.0,1.0
2020-01-09,maximax,-30.0,0.0,0.0,-30.0,0.0,0.0,1.0
2020-01-09,savage,-30.0,0.0,0.0,-30.0,0.0,0.0,1.0
2020-01-17,naive,-30.0,0.0,0.0,-30.0,0.0,0.0,1.0
2020-01-17,maximin,-30.0,0.0,0.0,-30.0,0.0,0.0,1.0
2020-01-17,maximax,-30.0,0.0,0.0,-30.0,0.0,0.0,1.0
2020-01-17,savage,-30.0,0.0,0.0,-30.0,0.0,0.0,1.0
2020-01-18,naive,-30.0,0.0,0.0,-30.0,0.0,0.0,1.0
2020-01-18,maximin,-30.0,0.0,0.0,-30.0,0.0,0.0,1.0
2020-01-18,maximax,-30.0,0.0,0.0,-30.0,0.0,0.0,1.0
2020-01-18,savage,-30.0,0.0,0.0,-30.0,0.0,0.0,1.0
2020-01-19,naive,-30.0,0.0,0.0,-30.0,0.0,0.0,1.0
2020-01-19,maximin,-30.0,0.0,0.0,-30.0,0.0,0.0,1.0
2020-01-19,maximax,-30.0,0.0,0.0,-30.0,0.0,0.0,1.0
2020-01-19,savage,-30.0,0.0,0.0,-30.0,0.0,0.0,1.0
2020-01-20,naive,-30.0,0.0,0.0,-30.0,0.0,0.0,1.0
2020-01-20,maximin,-30.0,0.0,0.0,-30.0,0.0,0.0,1.0
2020-01-20,maximax,-30.0,0.0,0.0,-30.0,0.0,0.0,1.0
2020-01-20,savage,-30.0,0.0,0.0,-30.0,0.0,0.0,1.0
2020-01-23,naive,-30.0,0.0,0.0,-30.0,0.0,0.0,1.0
2020-01-23,maximin,-30.0,0.0,0.0,-30.0,0.0,0.0,1.0
2020-01-23,maximax,-30.0,0.0,0.0,-30.0,0.0,0.0,1.0
2020-01-23,savage,-30.0,0.0,0.0,-30.0,0.0,0.0,1.0
2020-01-29,naive,-30.0,0.0,0.0,-30.0,0.0,0.0,1.0
2020-01-29,maximin,-30.0,0.0,0.0,-30.0,0.0,0.0,1.0
2020-01-29,maximax,-30.0,0.0,0.0,-30.0,0.0,0.0,1.0
2020-01-29,savage,-30.0,0.0,0.0,-30.0,0.0,0.0,1.0
2020-02-02,naive,-30.0,0.0,0.0,-30.0,0.0,0.0,1.0
2020-02-02,maximin,-30.0,0.0,0.0,-30.0,0.0,0.0,1.0
2020-02-02,maximax,-30.0,0.0,0.0,-30.0,0.0,0.0,1.0
2020-02-02,savage,-30.0,0.0,0.0,-30.0,0.0,0.0,1.0
2020-02-03,naive,-30.0,0.0,0.0,-30.0,0.0,0.0,1.0
2020-02-03,maximin,-30.0,0.0,0.0,-30.0,0.0,0.0,1.0
2020-02-03,maximax,-30.0,0.0,0.0,-30.0,0.0,0.0,1.0
2020-02-03,savage,-30.0,0.0,0.0,-30.0,0.0,0.0,1.0
2020-02-10,naive,-30.0,0.0,0.0,-30.0,0.0,0.0,1.0
2020-02-10,maximin,-30.0,0.0,0.0,-30.0,0.0,0.0,1.0
2020-02-10,maximax,-30.0,0.0,0.0,-30.0,0.0,0.0,1.0
2020-02-10,savage,-30.0,0.0,0.0,-30.0,0.0,0.0,1.0
2020-02-18,naive,-30.0,0.0,0.0,-30.0,0.0,0.0,1.0
2020-02-18,maximin,-30.0,0.0,0.0,-30.0,0.0,0.0,1.0
2020-02-18,maximax,-30.0,0.0,0.0,-30.0,0.0,0.0,1.0
2020-02-18,savage,-30.0,0.0,0.0,-30.0,0.0,0.0,1.0
2020-02-21,naive,-30.0,0.0,0.0,-30.0,0.0,0.0,1.0
2020-02-21,maximin,-30.0,0.0,0.0,-30.0,0.0,0.0,1.0
2020-02-21,maximax,-30.0,0.0,0.0,-30.0,0.0,0.0,1.0
2020-02-21,savage,-30.0,0.0,0.0,-30.0,0.0,0.0,1.0
2020-02-22,naive,-30.0,0.0,0.0,-30.0,0.0,0.0,1.0
2020-02-22,maximin,-30.0,0.0,0.0,-30.0,0.0,0.0,1.0
2020-02-22,maximax,-30.0,0.0,0.0,-30.0,0.0,0.0,1.0
2020-02-22,savage,-30.0,0.0,0.0,-30.0,0.0,0.0,1.0
2020-02-23,naive,-30.0,0.0,0.0,-30.0,0.0,0.0,1.0
2020-02-23,maximin,-30.0,0.0,0.0,-30.0,0.0,0.0,1.0
2020-02-23,maximax,-30.0,0.0,0.0,-30.0,0.0,0.0,1.0
2020-02-23,savage,-30.0,0.0,0.0,-30.0,0.0,0.0,1.0
2020-02-24,naive,-30.0,0.0,0.0,-30.0,0.0,0.0,1.0
2020-02-24,maximin,-30.0,0.0,0.0,-30.0,0.0,0.0,1.0
2020-02-24,maximax,-30.0,0.0,0.0,-30.0,0.0,0.0,1.0
2020-02-24,savage,-30.0,0.0,0.0,-30.0,0.0,0.0,1.0
2020-02-25,naive,-30.0,0.0,0.0,-30.0,0.0,0.0,1.0
2020-02-25,maximin,-30.0,0.0,0.0,-30.0,0.0,0.0,1.0
2020-02-25,maximax,-30.0,0.0,0.0,-30.0,0.0,0.0,1.0
2020-02-25,savage,-30.0,0.0,0.0,-30.0,0.0,0.0,1.0
2020-02-26,naive,-30.0,0.0,0.0,-30.0,0.0,0.0,1.0
2020-02-26,maximin,-30.0,0.0,0.0,-30.0,0.0,0.0,1.0
2020-02-26,maximax,-30.0,0.0,0.0,-30.0,0.0,0.0,1.0
2020-02-26,savage,-30.0,0.0,0.0,-30.0,0.0,0.0,1.0
2020-03-04,naive,-30.0,0.0,0.0,-30.0,0.0,0.0,1.0
2020-03-04,maximin,-30.0,0.0,0.0,-30.0,0.0,0.0,1.0
2020-03-04,maximax,-30.0,0.0,0.0,-30.0,0.0,0.0,1.0
2020-03-04,savage,-30.0,0.0,0.0,-30.0,0.0,0.0,1.0
2020-03-14,naive,-30.0,0.0,0.0,-30.0,0.0,0.0,1.0
2020-03-14,maximin,-30.0,0.0,0.0,-30.0,0.0,0.0,1.0
2020-03-14,maximax,-30.0,0.0,0.0,-30.0,0.0,0.0,1.0
2020-03-14,savage,-30.0,0.0,0.0,-30.0,0.0,0.0,1.0
2020-03-16,naive,-30.0,0.0,0.0,-30.0,0.0,0.0,1.0
2020-03-16,maximin,-30.0,0.0,0.0,-30.0,0.0,0.0,1.0
2020-03-16,maximax,-30.0,0.0,0.0,-30.0,0.0,0.0,1.0
2020-03-16,savage,-30.0,0.0,0.0,-30.0,0.0,0.0,1.0
2020-03-17,naive,-30.0,0.0,0.0,-30.0,0.0,0.0,1.0
2020-03-17,maximin,-30.0,0.0,0.0,-30.0,0.0,0.0,1.0
2020-03-17,maximax,-30.0,0.0,0.0,-30.0,0.0,0.0,1.0
2020-03-17,savage,-30.0,0.0,0.0,-30.0,0.0,0.0,1.0
2020-03-20,naive,-30.0,0.0,0.0,-30.0,0.0,0.0,1.0
2020-03-20,maximin,-30.0,0.0,0.0,-30.0,0.0,0.0,1.0
2020-03-20,maximax,-30.0,0.0,0.0,-30.0,0.0,0.0,1.0
2020-03-20,savage,-30.0,0.0,0.0,-30.0,0.0,0.0,1.0
2020-03-21,naive,-30.0,0.0,0.0,-30.0,0.0,0.0,1.0
2020-03-21,maximin,-30.0,0.0,0.0,-30.0,0.0,0.0,1.0
2020-03-21,maximax,-30.0,0.0,0.0,-30.0,0.0,0.0,1.0
2020-03-21,savage,-30.0,0.0,0.0,-30.0,0.0,0.0,1.0
2020-03-22,naive,-30.0,0.0,0.0,-30.0,0.0,0.0,1.0
2020-03-22,maximin,-30.0,0.0,0.0,-30.0,0.0,0.0,1.0
2020-03-22,maximax,-30.0,0.0,0.0,-30.0,0.0,0.0,1.0
2020-03-22,savage,-30.0,0.0,0.0,-30.0,0.0,0.0,1.0
2020-03-26,naive,-30.0,0.0,0.0,-30.0,0.0,0.0,1.0
2020-03-26,maximin,-30.0,0.0,0.0,-30.0,0.0,0.0,1.0
2020-03-26,maximax,-30.0,0.0,0.0,-30.0,0.0,0.0,1.0
2020-03-26,savage,-30.0,0.0,0.0,-30.0,0.0,0.0,1.0
2020-03-29,naive,-30.0,0.0,0.0,-30.0,0.0,0.0,1.0
2020-03-29,maximin,-30.0,0.0,0.0,-30.0,0.0,0.0,1.0
2020-03-29,maximax,-30.0,0.0,0.0,-30.0,0.0,0.0,1.0
2020-03-29,savage,-30.0,0.0,0.0,-30.0,0.0,0.0,1.0
2020-03-30,naive,-30.0,0.0,0.0,-30.0,0.0,0.0,1.0
2020-03-30,maximin,-30.0,0.0,0.0,-30.0,0.0,0.0,1.0
2020-03-30,maximax,-30.0,0.0,0.0,-30.0,0.0,0.0,1.0
2020-03-30,savage,-30.0,0.0,0.0,-30.0,0.0,0.0,1.0
2020-04-05,naive,-30.0,0.0,0.0,-30.0,0.0,0.0,1.0
2020-04-05,maximin,-30.0,0.0,0.0,-30.0,0.0,0.0,1.0
2020-04-05,maximax,-30.0,0.0,0.0,-30.0,0.0,0.0,1.0
2020-04-05,savage,-30.0,0.0,0.0,-30.0,0.0,0.0,1.0
2020-04-09,naive,-30.0,0.0,0.0,-30.0,0.0,0.0,1.0
2020-04-09,maximin,-30.0,0.0,0.0,-30.0,0.0,0.0,1.0
2020-04-09,maximax,-30.0,0.0,0.0,-30.0,0.0,0.0,1.0
2020-04-09,savage,-30.0,0.0,0.0,-30.0,0.0,0.0,1.0
2020-04-12,naive,-30.0,0.0,0.0,-30.0,0.0,0.0,1.0
2020-04-12,maximin,-30.0,0.0,0.0,-30.0,0.0,0.0,1.0
2020-04-12,maximax,-30.0,0.0,0.0,-30.0,0.0,0.0,1.0
2020-04-12,savage,-30.0,0.0,0.0,-30.0,0.0,0.0,1.0
2020-04-19,naive,-30.0,0.0,0.0,-30.0,0.0,0.0,1.0
2020-04-19,maximin,-30.0,0.0,0.0,-30.0,0.0,0.0,1.0
2020-04-19,maximax,-30.0,0.0,0.0,-30.0,0.0,0.0,1.0
2020-04-19,savage,-30.0,0.0,0.0,-30.0,0.0,0.0,1.0
2020-04-27,naive,-30.0,0.0,0.0,-30.0,0.0,0.0,1.0
2020-04-27,maximin,-30.0,0.0,0.0,-30.0,0.0,0.0,1.0
2020-04-27,maximax,-30.0,0.0,0.0,-30.0,0.0,0.0,1.0
2020-04-27,savage,-30.0,0.0,0.0,-30.0,0.0,0.0,1.0
2020-05-06,naive,-30.0,0.0,0.0,-30.0,0.0,0.0,1.0
2020-05-06,maximin,-30.0,0.0,0.0,-30.0,0.0,0.0,1.0
2020-05-06,maximax,-30.0,0.0,0.0,-30.0,0.0,0.0,1.0
2020-05-06,savage,-30.0,0.0,0.0,-30.0,0.0,0.0,1.0
2020-05-12,naive,-30.0,0.0,0.0,-30.0,0.0,0.0,1.0
2020-05-12,maximin,-30.0,0.0,0.0,-30.0,0.0,0.0,1.0
2020-05-12,maximax,-30.0,0.0,0.0,-30.0,0.0,0.0,1.0
2020-05-12,savage,-30.0,0.0,0.0,-30.0,0.0,0.0,1.0
2020-05-18,naive,-30.0,0.0,0.0,-30.0,0.0,0.0,1.0
2020-05-18,maximin,-30.0,0.0,0.0,-30.0,0.0,0.0,1.0
2020-05-18,maximax,-30.0,0.0,0.0,-30.0,0.0,0.0,1.0
2020-05-18,savage,-30.0,0.0,0.0,-30.0,0.0,0.0,1.0
2020-05-20,naive,-30.0,0.0,0.0,-30.0,0.0,0.0,1.0
2020-05-20,maximin,-30.0,0.0,0.0,-30.0,0.0,0.0,1.0
2020-05-20,maximax,-30.0,0.0,0.0,-30.0,0.0,0.0,1.0
2020-05-20,savage,-30.0,0.0,0.0,-30.0,0.0,0.0,1.0
2020-06-01,naive,-30.0,0.0,0.0,-30.0,0.0,0.0,1.0
2020-06-01,maximin,-30.0,0.0,0.0,-30.0,0.0,0.0,1.0
2020-06-01,maximax,-30.0,0.0,0.0,-30.0,0.0,0.0,1.0
2020-06-01,savage,-30.0,0.0,0.0,-30.0,0.0,0.0,1.0
2020-06-02,naive,-30.0,0.0,0.0,-30.0,0.0,0.0,1.0
2020-06-02,maximin,-30.0,0.0,0.0,-30.0,0.0,0.0,1.0
2020-06-02,maximax,-30.0,0.0,0.0,-30.0,0.0,0.0,1.0
2020-06-02,savage,-30.0,0.0,0.0,-30.0,0.0,0.0,1.0
2020-06-03,naive,-30.0,0.0,0.0,-30.0,0.0,0.0,1.0
2020-06-03,maximin,-30.0,0.0,0.0,-30.0,0.0,0.0,1.0
2020-06-03,maximax,-30.0,0.0,0.0,-30.0,0.0,0.0,1.0
2020-06-03,savage,-30.0,0.0,0.0,-30.0,0.0,0.0,1.0
2020-06-11,naive,-30.0,0.0,0.0,-30.0,0.0,0.0,1.0
2020-06-11,maximin,-30.0,0.0,0.0,-30.0,0.0,0.0,1.0
2020-06-11,maximax,-30.0,0.0,0.0,-30.0,0.0,0.0,1.0
2020-06-11,savage,-30.0,0.0,0.0,-30.0,0.0,0.0,1.0
2020-06-13,naive,14.0,1.0,1.0,14.0,1.0,1.0,1.0
2020-06-13,maximin,14.0,1.0,1.0,14.0,1.0,1.0,1.0
2020-06-13,maximax,12.0,200.0,200.0,13.0,100.0,100.0,0.0
2020-06-13,savage,14.0,1.0,1.0,14.0,1.0,1.0,1.0
2020-06-20,naive,19.0,106.0,100.0,20.0,70.99999999999994,64.99999999999994,0.0
2020-06-20,maximin,21.0,7.0,1.0,21.0,6.6499999999999995,0.6499999999999995,1.0
2020-06-20,maximax,19.0,106.0,100.0,20.0,70.99999999999994,64.99999999999994,0.0
2020-06-20,savage,21.0,7.0,1.0,21.0,6.6499999999999995,0.6499999999999995,1.0
2020-06-22,naive,18.0,108.0,100.0,19.0,8.0,0.0,0.0
2020-06-22,maximin,19.0,8.0,2.0,19.0,8.0,0.0,1.0
2020-06-22,maximax,18.0,108.0,100.0,18.0,72.99999999999994,64.99999999999994,1.0
2020-06-22,savage,19.0,8.0,2.0,19.0,8.0,0.0,1.0
2020-06-25,naive,12.0,103.0,100.0,13.0,103.0,97.0,0.0
2020-06-25,maximin,17.0,6.0,4.0,17.0,6.0,4.0,1.0
2020-06-25,maximax,7.0,102.0,100.0,8.0,102.0,98.0,0.0
2020-06-25,savage,17.0,6.0,4.0,17.0,6.0,4.0,1.0
2020-06-28,naive,12.0,103.0,99.0,14.0,103.65,98.65,0.0
2020-06-28,maximin,18.0,5.0,3.0,18.0,5.0,2.0,1.0
2020-06-28,maximax,7.0,200.0,197.0,9.0,102.0,98.35,0.0
2020-06-28,savage,18.0,5.0,3.0,18.0,5.0,2.0,1.0
2020-07-02,naive,11.0,104.0,100.0,12.0,4.0,0.0,0.0
2020-07-02,maximin,12.0,4.0,0.0,12.0,4.0,0.0,1.0
2020-07-02,maximax,11.0,104.0,100.0,12.0,4.0,0.0,0.0
2020-07-02,savage,12.0,4.0,0.0,12.0,4.0,0.0,1.0
2020-07-30,naive,11.0,2.0,0.0,11.0,2.0,0.0,1.0
2020-07-30,maximin,11.0,2.0,0.0,11.0,2.0,0.0,1.0
2020-07-30,maximax,10.0,102.0,100.0,11.0,2.0,0.0,0.0
2020-07-30,savage,11.0,2.0,0.0,11.0,2.0,0.0,1.0
2020-08-05,naive,7.0,208.0,200.0,8.0,8.0,0.0,0.0
2020-08-05,maximin,8.0,8.0,2.0,8.0,8.0,0.0,1.0
2020-08-05,maximax,7.0,208.0,200.0,8.0,8.0,0.0,0.0
2020-08-05,savage,8.0,8.0,2.0,8.0,8.0,0.0,1.0
2020-08-06,naive,7.0,109.0,100.0,8.0,9.0,0.0,0.0
2020-08-06,maximin,8.0,9.0,4.0,8.0,9.0,0.0,1.0
2020-08-06,maximax,7.0,109.0,100.0,8.0,9.0,0.0,0.0
2020-08-06,savage,8.0,9.0,4.0,8.0,9.0,0.0,1.0
2020-08-07,naive,-30.0,0.0,0.0,-30.0,0.0,0.0,1.0
2020-08-07,maximin,-30.0,0.0,0.0,-30.0,0.0,0.0,1.0
2020-08-07,maximax,-30.0,0.0,0.0,-30.0,0.0,0.0,1.0
2020-08-07,savage,-30.0,0.0,0.0,-30.0,0.0,0.0,1.0
2020-08-08,naive,-30.0,0.0,0.0,-30.0,0.0,0.0,1.0
2020-08-08,maximin,-30.0,0.0,0.0,-30.0,0.0,0.0,1.0
2020-08-08,maximax,-30.0,0.0,0.0,-30.0,0.0,0.0,1.0
2020-08-08,savage,-30.0,0.0,0.0,-30.0,0.0,0.0,1.0
2020-08-29,naive,21.0,100.0,100.0,21.0,100.0,100.0,1.0
2020-08-29,maximin,22.0,0.0,0.0,22.0,0.0,0.0,1.0
2020-08-29,maximax,20.0,100.0,100.0,20.0,100.0,100.0,1.0
2020-08-29,savage,22.0,0.0,0.0,22.0,0.0,0.0,1.0
2020-09-08,naive,13.0,304.0,300.0,14.0,69.34999999999994,64.34999999999994,0.0
2020-09-08,maximin,15.0,5.0,0.0,15.0,5.0,0.0,1.0
2020-09-08,maximax,14.0,104.0,100.0,14.0,69.34999999999994,64.34999999999994,1.0
2020-09-08,savage,15.0,5.0,0.0,15.0,5.0,0.0,1.0
2020-09-13,naive,-30.0,0.0,0.0,-30.0,0.0,0.0,1.0
2020-09-13,maximin,-30.0,0.0,0.0,-30.0,0.0,0.0,1.0
2020-09-13,maximax,-30.0,0.0,0.0,-30.0,0.0,0.0,1.0
2020-09-13,savage,-30.0,0.0,0.0,-30.0,0.0,0.0,1.0
2020-09-14,naive,-30.0,0.0,0.0,-30.0,0.0,0.0,1.0
2020-09-14,maximin,-30.0,0.0,0.0,-30.0,0.0,0.0,1.0
2020-09-14,maximax,-30.0,0.0,0.0,-30.0,0.0,0.0,1.0
2020-09-14,savage,-30.0,0.0,0.0,-30.0,0.0,0.0,1.0
2020-09-19,naive,18.0,103.0,99.0,19.0,103.65,98.65,0.0
2020-09-19,maximin,22.0,6.0,4.0,22.0,6.0,2.0,1.0
2020-09-19,maximax,15.0,104.0,100.0,19.0,103.65,98.65,0.0
2020-09-19,savage,22.0,6.0,4.0,22.0,6.0,2.0,1.0
2020-09-20,naive,21.0,106.0,100.0,21.0,106.0,99.0,1.0
2020-09-20,maximin,24.0,7.0,3.0,24.0,7.0,1.3500000000000005,1.0
2020-09-20,maximax,17.0,105.0,100.0,20.0,105.0,98.0,0.0
2020-09-20,savage,24.0,7.0,3.0,24.0,7.0,1.3500000000000005,1.0
2020-09-25,naive,-30.0,0.0,0.0,-30.0,0.0,0.0,1.0
2020-09-25,maximin,-30.0,0.0,0.0,-30.0,0.0,0.0,1.0
2020-09-25,maximax,-30.0,0.0,0.0,-30.0,0.0,0.0,1.0
2020-09-25,savage,-30.0,0.0,0.0,-30.0,0.0,0.0,1.0
2020-09-26,naive,-30.0,0.0,0.0,-30.0,0.0,0.0,1.0
2020-09-26,maximin,-30.0,0.0,0.0,-30.0,0.0,0.0,1.0
2020-09-26,maximax,-30.0,0.0,0.0,-30.0,0.0,0.0,1.0
2020-09-26,savage,-30.0,0.0,0.0,-30.0,0.0,0.0,1.0
2020-09-30,naive,-30.0,0.0,0.0,-30.0,0.0,0.0,1.0
2020-09-30,maximin,-30.0,0.0,0.0,-30.0,0.0,0.0,1.0
2020-09-30,maximax,-30.0,0.0,0.0,-30.0,0.0,0.0,1.0
2020-09-30,savage,-30.0,0.0,0.0,-30.0,0.0,0.0,1.0
2020-10-01,naive,-30.0,0.0,0.0,-30.0,0.0,0.0,1.0
2020-10-01,maximin,-30.0,0.0,0.0,-30.0,0.0,0.0,1.0
2020-10-01,maximax,-30.0,0.0,0.0,-30.0,0.0,0.0,1.0
2020-10-01,savage,-30.0,0.0,0.0,-30.0,0.0,0.0,1.0
2020-10-02,naive,-30.0,0.0,0.0,-30.0,0.0,0.0,1.0
2020-10-02,maximin,-30.0,0.0,0.0,-30.0,0.0,0.0,1.0
2020-10-02,maximax,-30.0,0.0,0.0,-30.0,0.0,0.0,1.0
2020-10-02,savage,-30.0,0.0,0.0,-30.0,0.0,0.0,1.0
2020-10-04,naive,-30.0,0.0,0.0,-30.0,0.0,0.0,1.0
2020-10-04,maximin,-30.0,0.0,0.0,-30.0,0.0,0.0,1.0
2020-10-04,maximax,-30.0,0.0,0.0,-30.0,0.0,0.0,1.0
2020-10-04,savage,-30.0,0.0,0.0,-30.0,0.0,0.0,1.0
2020-10-07,naive,-30.0,0.0,0.0,-30.0,0.0,0.0,1.0
2020-10-07,maximin,-30.0,0.0,0.0,-30.0,0.0,0.0,1.0
2020-10-07,maximax,-30.0,0.0,0.0,-30.0,0.0,0.0,1.0
2020-10-07,savage,-30.0,0.0,0.0,-30.0,0.0,0.0,1.0
2020-10-17,naive,-30.0,0.0,0.0,-30.0,0.0,0.0,1.0
2020-10-17,maximin,-30.0,0.0,0.0,-30.0,0.0,0.0,1.0
2020-10-17,maximax,-30.0,0.0,0.0,-30.0,0.0,0.0,1.0
2020-10-17,savage,-30.0,0.0,0.0,-30.0,0.0,0.0,1.0
2020-10-22,naive,-30.0,0.0,0.0,-30.0,0.0,0.0,1.0
2020-10-22,maximin,-30.0,0.0,0.0,-30.0,0.0,0.0,1.0
2020-10-22,maximax,-30.0,0.0,0.0,-30.0,0.0,0.0,1.0
2020-10-22,savage,-30.0,0.0,0.0,-30.0,0.0,0.0,1.0
2020-10-27,naive,-30.0,0.0,0.0,-30.0,0.0,0.0,1.0
2020-10-27,maximin,-30.0,0.0,0.0,-30.0,0.0,0.0,1.0
2020-10-27,maximax,-30.0,0.0,0.0,-30.0,0.0,0.0,1.0
2020-10-27,savage,-30.0,0.0,0.0,-30.0,0.0,0.0,1.0
2020-10-29,naive,-30.0,0.0,0.0,-30.0,0.0,0.0,1.0
2020-10-29,maximin,-30.0,0.0,0.0,-30.0,0.0,0.0,1.0
2020-10-29,maximax,-30.0,0.0,0.0,-30.0,0.0,0.0,1.0
2020-10-29,savage,-30.0,0.0,0.0,-30.0,0.0,0.0,1.0
2020-11-10,naive,-30.0,0.0,0.0,-30.0,0.0,0.0,1.0
2020-11-10,maximin,-30.0,0.0,0.0,-30.0,0.0,0.0,1.0
2020-11-10,maximax,-30.0,0.0,0.0,-30.0,0.0,0.0,1.0
2020-11-10,savage,-30.0,0.0,0.0,-30.0,0.0,0.0,1.0
2020-11-12,naive,-30.0,0.0,0.0,-30.0,0.0,0.0,1.0
2020-11-12,maximin,-30.0,0.0,0.0,-30.0,0.0,0.0,1.0
2020-11-12,maximax,-30.0,0.0,0.0,-30.0,0.0,0.0,1.0
2020-11-12,savage,-30.0,0.0,0.0,-30.0,0.0,0.0,1.0
2020-11-17,naive,-30.0,0.0,0.0,-30.0,0.0,0.0,1.0
2020-11-17,maximin,-30.0,0.0,0.0,-30.0,0.0,0.0,1.0
2020-11-17,maximax,-30.0,0.0,0.0,-30.0,0.0,0.0,1.0
2020-11-17,savage,-30.0,0.0,0.0,-30.0,0.0,0.0,1.0
2020-11-19,naive,-30.0,0.0,0.0,-30.0,0.0,0.0,1.0
2020-11-19,maximin,-30.0,0.0,0.0,-30.0,0.0,0.0,1.0
2020-11-19,maximax,-30.0,0.0,0.0,-30.0,0.0,0.0,1.0
2020-11-19,savage,-30.0,0.0,0.0,-30.0,0.0,0.0,1.0
2020-11-24,naive,-30.0,0.0,0.0,-30.0,0.0,0.0,1.0
2020-11-24,maximin,-30.0,0.0,0.0,-30.0,0.0,0.0,1.0
2020-11-24,maximax,-30.0,0.0,0.0,-30.0,0.0,0.0,1.0
2020-11-24,savage,-30.0,0.0,0.0,-30.0,0.0,0.0,1.0
2020-11-29,naive,-30.0,0.0,0.0,-30.0,0.0,0.0,1.0
2020-11-29,maximin,-30.0,0.0,0.0,-30.0,0.0,0.0,1.0
2020-11-29,maximax,-30.0,0.0,0.0,-30.0,0.0,0.0,1.0
2020-11-29,savage,-30.0,0.0,0.0,-30.0,0.0,0.0,1.0
2020-12-05,naive,-30.0,0.0,0.0,-30.0,0.0,0.0,1.0
2020-12-05,maximin,-30.0,0.0,0.0,-30.0,0.0,0.0,1.0
2020-12-05,maximax,-30.0,0.0,0.0,-30.0,0.0,0.0,1.0
2020-12-05,savage,-30.0,0.0,0.0,-30.0,0.0,0.0,1.0
2020-12-14,naive,-30.0,0.0,0.0,-30.0,0.0,0.0,1.0
2020-12-14,maximin,-30.0,0.0,0.0,-30.0,0.0,0.0,1.0
2020-12-14,maximax,-30.0,0.0,0.0,-30.0,0.0,0.0,1.0
2020-12-14,savage,-30.0,0.0,0.0,-30.0,0.0,0.0,1.0
2020-12-20,naive,-30.0,0.0,0.0,-30.0,0.0,0.0,1.0
2020-12-20,maximin,-30.0,0.0,0.0,-30.0,0.0,0.0,1.0
2020-12-20,maximax,-30.0,0.0,0.0,-30.0,0.0,0.0,1.0
2020-12-20,savage,-30.0,0.0,0.0,-30.0,0.0,0.0,1.0
2020-12-23,naive,-30.0,0.0,0.0,-30.0,0.0,0.0,1.0
2020-12-23,maximin,-30.0,0.0,0.0,-30.0,0.0,0.0,1.0
2020-12-23,maximax,-30.0,0.0,0.0,-30.0,0.0,0.0,1.0
2020-12-23,savage,-30.0,0.0,0.0,-30.0,0.0,0.0,1.0
2020-12-29,naive,-30.0,0.0,0.0,-30.0,0.0,0.0,1.0
2020-12-29,maximin,-30.0,0.0,0.0,-30.0,0.0,0.0,1.0
2020-12-29,maximax,-30.0,0.0,0.0,-30.0,0.0,0.0,1.0
2020-12-29,savage,-30.0,0.0,0.0,-30.0,0.0,0.0,1.0
2021-01-06,naive,-30.0,0.0,0.0,-30.0,0.0,0.0,1.0
2021-01-06,maximin,-30.0,0.0,0.0,-30.0,0.0,0.0,1.0
2021-01-06,maximax,-30.0,0.0,0.0,-30.0,0.0,0.0,1.0
2021-01-06,savage,-30.0,0.0,0.0,-30.0,0.0,0.0,1.0
2021-01-11,naive,-30.0,0.0,0.0,-30.0,0.0,0.0,1.0
2021-01-11,maximin,-30.0,0.0,0.0,-30.0,0.0,0.0,1.0
2021-01-11,maximax,-30.0,0.0,0.0,-30.0,0.0,0.0,1.0
2021-01-11,savage,-30.0,0.0,0.0,-30.0,0.0,0.0,1.0
2021-01-18,naive,-30.0,0.0,0.0,-30.0,0.0,0.0,1.0
2021-01-18,maximin,-30.0,0.0,0.0,-30.0,0.0,0.0,1.0
2021-01-18,maximax,-30.0,0.0,0.0,-30.0,0.0,0.0,1.0
2021-01-18,savage,-30.0,0.0,0.0,-30.0,0.0,0.0,1.0
2021-01-25,naive,-30.0,0.0,0.0,-30.0,0.0,0.0,1.0
2021-01-25,maximin,-30.0,0.0,0.0,-30.0,0.0,0.0,1.0
2021-01-25,maximax,-30.0,0.0,0.0,-30.0,0.0,0.0,1.0
2021-01-25,savage,-30.0,0.0,0.0,-30.0,0.0,0.0,1.0
2021-01-26,naive,-30.0,0.0,0.0,-30.0,0.0,0.0,1.0
2021-01-26,maximin,-30.0,0.0,0.0,-30.0,0.0,0.0,1.0
2021-01-26,maximax,-30.0,0.0,0.0,-30.0,0.0,0.0,1.0
2021-01-26,savage,-30.0,0.0,0.0,-30.0,0.0,0.0,1.0
2021-01-27,naive,-30.0,0.0,0.0,-30.0,0.0,0.0,1.0
2021-01-27,maximin,-30.0,0.0,0.0,-30.0,0.0,0.0,1.0
2021-01-27,maximax,-30.0,0.0,0.0,-30.0,0.0,0.0,1.0
2021-01-27,savage,-30.0,0.0,0.0,-30.0,0.0,0.0,1.0
2021-01-28,naive,-30.0,0.0,0.0,-30.0,0.0,0.0,1.0
2021-01-28,maximin,-30.0,0.0,0.0,-30.0,0.0,0.0,1.0
2021-01-28,maximax,-30.0,0.0,0.0,-30.0,0.0,0.0,1.0
2021-01-28,savage,-30.0,0.0,0.0,-30.0,0.0,0.0,1.0
2021-02-06,naive,-30.0,0.0,0.0,-30.0,0.0,0.0,1.0
2021-02-06,maximin,-30.0,0.0,0.0,-30.0,0.0,0.0,1.0
2021-02-06,maximax,-30.0,0.0,0.0,-30.0,0.0,0.0,1.0
2021-02-06,savage,-30.0,0.0,0.0,-30.0,0.0,0.0,1.0
2021-02-07,naive,-30.0,0.0,0.0,-30.0,0.0,0.0,1.0
2021-02-07,maximin,-30.0,0.0,0.0,-30.0,0.0,0.0,1.0
2021-02-07,maximax,-30.0,0.0,0.0,-30.0,0.0,0.0,1.0
2021-02-07,savage,-30.0,0.0,0.0,-30.0,0.0,0.0,1.0
2021-02-08,naive,-30.0,0.0,0.0,-30.0,0.0,0.0,1.0
2021-02-08,maximin,-30.0,0.0,0.0,-30.0,0.0,0.0,1.0
2021-02-08,maximax,-30.0,0.0,0.0,-30.0,0.0,0.0,1.0
2021-02-08,savage,-30.0,0.0,0.0,-30.0,0.0,0.0,1.0
2021-02-12,naive,-30.0,0.0,0.0,-30.0,0.0,0.0,1.0
2021-02-12,maximin,-30.0,0.0,0.0,-30.0,0.0,0.0,1.0
2021-02-12,maximax,-30.0,0.0,0.0,-30.0,0.0,0.0,1.0
2021-02-12,savage,-30.0,0.0,0.0,-30.0,0.0,0.0,1.0
2021-02-19,naive,-30.0,0.0,0.0,-30.0,0.0,0.0,1.0
2021-02-19,maximin,-30.0,0.0,0.0,-30.0,0.0,0.0,1.0
2021-02-19,maximax,-30.0,0.0,0.0,-30.0,0.0,0.0,1.0
2021-02-19,savage,-30.0,0.0,0.0,-30.0,0.0,0.0,1.0
2021-02-21,naive,-30.0,0.0,0.0,-30.0,0.0,0.0,1.0
2021-02-21,maximin,-30.0,0.0,0.0,-30.0,0.0,0.0,1.0
2021-02-21,maximax,-30.0,0.0,0.0,-30.0,0.0,0.0,1.0
2021-02-21,savage,-30.0,0.0,0.0,-30.0,0.0,0.0,1.0
2021-02-23,naive,-30.0,0.0,0.0,-30.0,0.0,0.0,1.0
2021-02-23,maximin,-30.0,0.0,0.0,-30.0,0.0,0.0,1.0
2021-02-23,maximax,-30.0,0.0,0.0,-30.0,0.0,0.0,1.0
2021-02-23,savage,-30.0,0.0,0.0,-30.0,0.0,0.0,1.0
2021-03-03,naive,-30.0,0.0,0.0,-30.0,0.0,0.0,1.0
2021-03-03,maximin,-30.0,0.0,0.0,-30.0,0.0,0.0,1.0
2021-03-03,maximax,-30.0,0.0,0.0,-30.0,0.0,0.0,1.0
2021-03-03,savage,-30.0,0.0,0.0,-30.0,0.0,0.0,1.0
2021-03-04,naive,-30.0,0.0,0.0,-30.0,0.0,0.0,1.0
2021-03-04,maximin,-30.0,0.0,0.0,-30.0,0.0,0.0,1.0
2021-03-04,maximax,-30.0,0.0,0.0,-30.0,0.0,0.0,1.0
2021-03-04,savage,-30.0,0.0,0.0,-30.0,0.0,0.0,1.0
2021-03-05,naive,-30.0,0.0,0.0,-30.0,0.0,0.0,1.0
2021-03-05,maximin,-30.0,0.0,0.0,-30.0,0.0,0.0,1.0
2021-03-05,maximax,-30.0,0.0,0.0,-30.0,0.0,0.0,1.0
2021-03-05,savage,-30.0,0.0,0.0,-30.0,0.0,0.0,1.0
2021-03-17,naive,-30.0,0.0,0.0,-30.0,0.0,0.0,1.0
2021-03-17,maximin,-30.0,0.0,0.0,-30.0,0.0,0.0,1.0
2021-03-17,maximax,-30.0,0.0,0.0,-30.0,0.0,0.0,1.0
2021-03-17,savage,-30.0,0.0,0.0,-30.0,0.0,0.0,1.0
2021-03-18,naive,-30.0,0.0,0.0,-30.0,0.0,0.0,1.0
2021-03-18,maximin,-30.0,0.0,0.0,-30.0,0.0,0.0,1.0
2021-03-18,maximax,-30.0,0.0,0.0,-30.0,0.0,0.0,1.0
2021-03-18,savage,-30.0,0.0,0.0,-30.0,0.0,0.0,1.0
2021-03-25,naive,-30.0,0.0,0.0,-30.0,0.0,0.0,1.0
2021-03-25,maximin,-30.0,0.0,0.0,-30.0,0.0,0.0,1.0
2021-03-25,maximax,-30.0,0.0,0.0,-30.0,0.0,0.0,1.0
2021-03-25,savage,-30.0,0.0,0.0,-30.0,0.0,0.0,1.0
2021-04-02,naive,-30.0,0.0,0.0,-30.0,0.0,0.0,1.0
2021-04-02,maximin,-30.0,0.0,0.0,-30.0,0.0,0.0,1.0
2021-04-02,maximax,-30.0,0.0,0.0,-30.0,0.0,0.0,1.0
2021-04-02,savage,-30.0,0.0,0.0,-30.0,0.0,0.0,1.0
2021-04-07,naive,-30.0,0.0,0.0,-30.0,0.0,0.0,1.0
2021-04-07,maximin,-30.0,0.0,0.0,-30.0,0.0,0.0,1.0
2021-04-07,maximax,-30.0,0.0,0.0,-30.0,0.0,0.0,1.0
2021-04-07,savage,-30.0,0.0,0.0,-30.0,0.0,0.0,1.0
2021-04-16,naive,-30.0,0.0,0.0,-30.0,0.0,0.0,1.0
2021-04-16,maximin,-30.0,0.0,0.0,-30.0,0.0,0.0,1.0
2021-04-16,maximax,-30.0,0.0,0.0,-30.0,0.0,0.0,1.0
2021-04-16,savage,-30.0,0.0,0.0,-30.0,0.0,0.0,1.0
2021-04-18,naive,-30.0,0.0,0.0,-30.0,0.0,0.0,1.0
2021-04-18,maximin,-30.0,0.0,0.0,-30.0,0.0,0.0,1.0
2021-04-18,maximax,-30.0,0.0,0.0,-30.0,0.0,0.0,1.0
2021-04-18,savage,-30.0,0.0,0.0,-30.0,0.0,0.0,1.0
2021-04-22,naive,-30.0,0.0,0.0,-30.0,0.0,0.0,1.0
2021-04-22,maximin,-30.0,0.0,0.0,-30.0,0.0,0.0,1.0
2021-04-22,maximax,-30.0,0.0,0.0,-30.0,0.0,0.0,1.0
2021-04-22,savage,-30.0,0.0,0.0,-30.0,0.0,0.0,1.0
2021-04-30,naive,-30.0,0.0,0.0,-30.0,0.0,0.0,1.0
2021-04-30,maximin,-30.0,0.0,0.0,-30.0,0.0,0.0,1.0
2021-04-30,maximax,-30.0,0.0,0.0,-30.0,0.0,0.0,1.0
2021-04-30,savage,-30.0,0.0,0.0,-30.0,0.0,0.0,1.0
2021-05-03,naive,-30.0,0.0,0.0,-30.0,0.0,0.0,1.0
2021-05-03,maximin,-30.0,0.0,0.0,-30.0,0.0,0.0,1.0
2021-05-03,maximax,-30.0,0.0,0.0,-30.0,0.0,0.0,1.0
2021-05-03,savage,-30.0,0.0,0.0,-30.0,0.0,0.0,1.0
2021-05-06,naive,-30.0,0.0,0.0,-30.0,0.0,0.0,1.0
2021-05-06,maximin,-30.0,0.0,0.0,-30.0,0.0,0.0,1.0
2021-05-06,maximax,-30.0,0.0,0.0,-30.0,0.0,0.0,1.0
2021-05-06,savage,-30.0,0.0,0.0,-30.0,0.0,0.0,1.0
2021-05-10,naive,-30.0,0.0,0.0,-30.0,0.0,0.0,1.0
2021-05-10,maximin,-30.0,0.0,0.0,-30.0,0.0,0.0,1.0
2021-05-10,maximax,-30.0,0.0,0.0,-30.0,0.0,0.0,1.0
2021-05-10,savage,-30.0,0.0,0.0,-30.0,0.0,0.0,1.0
2021-05-12,naive,31.0,200.0,200.0,42.0,7.0,2.0,0.0
2021-05-12,maximin,42.0,7.0,7.0,42.0,7.0,2.0,1.0
2021-05-12,maximax,26.0,200.0,200.0,34.0,131.7499999999999,125.74999999999989,0.0
2021-05-12,savage,42.0,7.0,7.0,42.0,7.0,2.0,1.0
2021-05-19,naive,31.0,502.0,500.0,31.0,431.9999999999999,428.9999999999999,1.0
2021-05-19,maximin,52.0,3.0,1.0,52.0,3.0,0.0,1.0
2021-05-19,maximax,28.0,702.0,700.0,31.0,431.9999999999999,428.9999999999999,0.0
2021-05-19,savage,52.0,3.0,1.0,52.0,3.0,0.0,1.0
2021-05-22,naive,32.0,505.0,500.0,38.0,205.0,200.0,0.0
2021-05-22,maximin,48.0,5.0,2.0,48.0,5.0,0.0,1.0
2021-05-22,maximax,29.0,505.0,500.0,31.0,505.0,500.0,0.0
2021-05-22,savage,48.0,5.0,2.0,48.0,5.0,0.0,1.0
2021-05-27,naive,-30.0,0.0,0.0,-30.0,0.0,0.0,1.0
2021-05-27,maximin,-30.0,0.0,0.0,-30.0,0.0,0.0,1.0
2021-05-27,maximax,-30.0,0.0,0.0,-30.0,0.0,0.0,1.0
2021-05-27,savage,-30.0,0.0,0.0,-30.0,0.0,0.0,1.0
2021-05-28,naive,-30.0,0.0,0.0,-30.0,0.0,0.0,1.0
2021-05-28,maximin,-30.0,0.0,0.0,-30.0,0.0,0.0,1.0
2021-05-28,maximax,-30.0,0.0,0.0,-30.0,0.0,0.0,1.0
2021-05-28,savage,-30.0,0.0,0.0,-30.0,0.0,0.0,1.0
2021-06-04,naive,26.0,1.0,0.0,26.0,1.0,0.0,1.0
2021-06-04,maximin,26.0,1.0,0.0,26.0,1.0,0.0,1.0
2021-06-04,maximax,25.0,101.0,100.0,26.0,1.0,0.0,0.0
2021-06-04,savage,26.0,1.0,0.0,26.0,1.0,0.0,1.0
2021-06-06,naive,25.0,103.0,100.0,25.0,67.99999999999994,64.99999999999994,1.0
2021-06-06,maximin,26.0,3.0,0.0,26.0,3.0,0.0,1.0
2021-06-06,maximax,25.0,103.0,100.0,25.0,67.99999999999994,64.99999999999994,1.0
2021-06-06,savage,26.0,3.0,0.0,26.0,3.0,0.0,1.0
2021-06-08,naive,26.0,105.0,100.0,27.0,5.0,1.0,0.0
2021-06-08,maximin,27.0,5.0,1.0,27.0,5.0,1.0,1.0
2021-06-08,maximax,26.0,105.0,100.0,26.0,105.0,100.0,1.0
2021-06-08,savage,27.0,5.0,1.0,27.0,5.0,1.0,1.0
2021-06-11,naive,38.0,108.0,100.0,39.0,72.99999999999994,64.99999999999994,0.0
2021-06-11,maximin,40.0,8.0,1.0,40.0,8.0,1.0,1.0
2021-06-11,maximax,38.0,108.0,100.0,39.0,72.99999999999994,64.99999999999994,0.0
2021-06-11,savage,40.0,8.0,1.0,40.0,8.0,1.0,1.0
2021-06-14,naive,-30.0,0.0,0.0,-30.0,0.0,0.0,1.0
2021-06-14,maximin,-30.0,0.0,0.0,-30.0,0.0,0.0,1.0
2021-06-14,maximax,-30.0,0.0,0.0,-30.0,0.0,0.0,1.0
2021-06-14,savage,-30.0,0.0,0.0,-30.0,0.0,0.0,1.0
2021-06-17,naive,-30.0,0.0,0.0,-30.0,0.0,0.0,1.0
2021-06-17,maximin,-30.0,0.0,0.0,-30.0,0.0,0.0,1.0
2021-06-17,maximax,-30.0,0.0,0.0,-30.0,0.0,0.0,1.0
2021-06-17,savage,-30.0,0.0,0.0,-30.0,0.0,0.0,1.0
2021-06-19,naive,13.0,100.0,100.0,13.0,64.99999999999994,63.99999999999994,1.0
2021-06-19,maximin,14.0,1.0,1.0,14.0,1.0,1.0,1.0
2021-06-19,maximax,12.0,100.0,100.0,12.0,100.0,100.0,1.0
2021-06-19,savage,14.0,1.0,1.0,14.0,1.0,1.0,1.0
2021-06-21,naive,11.0,101.0,100.0,11.0,101.0,99.35,1.0
2021-06-21,maximin,12.0,2.0,1.0,12.0,2.0,1.0,1.0
2021-06-21,maximax,10.0,101.0,100.0,11.0,101.0,99.35,0.0
2021-06-21,savage,12.0,2.0,1.0,12.0,2.0,1.0,1.0
2021-06-29,naive,14.0,2.0,0.0,14.0,2.0,0.0,1.0
2021-06-29,maximin,14.0,2.0,0.0,14.0,2.0,0.0,1.0
2021-06-29,maximax,13.0,102.0,100.0,14.0,2.0,0.0,0.0
2021-06-29,savage,14.0,2.0,0.0,14.0,2.0,0.0,1.0
2021-06-30,naive,14.0,102.0,100.0,15.0,2.0,0.0,0.0
2021-06-30,maximin,15.0,2.0,0.0,15.0,2.0,0.0,1.0
2021-06-30,maximax,14.0,102.0,100.0,15.0,2.0,0.0,0.0
2021-06-30,savage,15.0,2.0,0.0,15.0,2.0,0.0,1.0
2021-07-07,naive,8.0,1.0,0.0,8.0,1.0,0.0,1.0
2021-07-07,maximin,8.0,1.0,0.0,8.0,1.0,0.0,1.0
2021-07-07,maximax,8.0,1.0,0.0,8.0,1.0,0.0,1.0
2021-07-07,savage,8.0,1.0,0.0,8.0,1.0,0.0,1.0
2021-07-08,naive,8.0,100.0,100.0,8.0,64.99999999999994,63.99999999999994,1.0
2021-07-08,maximin,9.0,1.0,1.0,9.0,1.0,1.0,1.0
2021-07-08,maximax,8.0,100.0,100.0,8.0,64.99999999999994,63.99999999999994,1.0
2021-07-08,savage,9.0,1.0,1.0,9.0,1.0,1.0,1.0
2021-07-11,naive,6.0,100.0,100.0,6.0,100.0,100.0,1.0
2021-07-11,maximin,7.0,0.0,0.0,7.0,0.0,0.0,1.0
2021-07-11,maximax,5.0,200.0,200.0,5.0,129.9999999999999,129.9999999999999,1.0
2021-07-11,savage,7.0,0.0,0.0,7.0,0.0,0.0,1.0
2021-07-14,naive,13.0,100.0,100.0,13.0,64.99999999999994,64.99999999999994,1.0
2021-07-14,maximin,14.0,0.0,0.0,14.0,0.0,0.0,1.0
2021-07-14,maximax,13.0,100.0,100.0,13.0,64.99999999999994,64.99999999999994,1.0
2021-07-14,savage,14.0,0.0,0.0,14.0,0.0,0.0,1.0
2021-07-15,naive,13.0,100.0,100.0,14.0,0.0,0.0,0.0
2021-07-15,maximin,14.0,0.0,0.0,14.0,0.0,0.0,1.0
2021-07-15,maximax,13.0,100.0,100.0,13.0,64.99999999999994,64.99999999999994,1.0
2021-07-15,savage,14.0,0.0,0.0,14.0,0.0,0.0,1.0
2021-07-17,naive,10.0,0.0,0.0,10.0,0.0,0.0,1.0
2021-07-17,maximin,10.0,0.0,0.0,10.0,0.0,0.0,1.0
2021-07-17,maximax,9.0,100.0,100.0,9.0,64.99999999999994,64.99999999999994,1.0
2021-07-17,savage,10.0,0.0,0.0,10.0,0.0,0.0,1.0
2021-07-18,naive,6.0,0.0,0.0,6.0,0.0,0.0,1.0
2021-07-18,maximin,6.0,0.0,0.0,6.0,0.0,0.0,1.0
2021-07-18,maximax,6.0,0.0,0.0,6.0,0.0,0.0,1.0
2021-07-18,savage,6.0,0.0,0.0,6.0,0.0,0.0,1.0
2021-07-21,naive,4.0,0.0,0.0,4.0,0.0,0.0,1.0
2021-07-21,maximin,4.0,0.0,0.0,4.0,0.0,0.0,1.0
2021-07-21,maximax,3.0,1000.0,1000.0,4.0,0.0,0.0,0.0
2021-07-21,savage,4.0,0.0,0.0,4.0,0.0,0.0,1.0
2021-08-20,naive,11.0,100.0,100.0,12.0,0.0,0.0,0.0
2021-08-20,maximin,12.0,0.0,0.0,12.0,0.0,0.0,1.0
2021-08-20,maximax,10.0,400.0,400.0,11.0,100.0,100.0,0.0
2021-08-20,savage,12.0,0.0,0.0,12.0,0.0,0.0,1.0
2021-08-21,naive,11.0,100.0,100.0,11.0,64.99999999999994,64.99999999999994,1.0
2021-08-21,maximin,12.0,0.0,0.0,12.0,0.0,0.0,1.0
2021-08-21,maximax,10.0,400.0,400.0,11.0,64.99999999999994,64.99999999999994,0.0
2021-08-21,savage,12.0,0.0,0.0,12.0,0.0,0.0,1.0
2021-08-23,naive,12.0,2.0,0.0,12.0,2.0,0.0,1.0
2021-08-23,maximin,12.0,2.0,0.0,12.0,2.0,0.0,1.0
2021-08-23,maximax,11.0,302.0,300.0,12.0,2.0,0.0,0.0
2021-08-23,savage,12.0,2.0,0.0,12.0,2.0,0.0,1.0
2021-08-24,naive,11.0,402.0,400.0,12.0,67.34999999999994,64.69999999999993,0.0
2021-08-24,maximin,13.0,3.0,0.0,13.0,3.0,0.0,1.0
2021-08-24,maximax,11.0,402.0,400.0,12.0,67.34999999999994,64.69999999999993,0.0
2021-08-24,savage,13.0,3.0,0.0,13.0,3.0,0.0,1.0
2021-08-25,naive,11.0,504.0,500.0,12.0,133.9999999999999,129.9999999999999,0.0
2021-08-25,maximin,13.0,4.0,0.0,13.0,4.0,0.0,1.0
2021-08-25,maximax,11.0,504.0,500.0,12.0,133.9999999999999,129.9999999999999,0.0
2021-08-25,savage,13.0,4.0,0.0,13.0,4.0,0.0,1.0
2021-09-03,naive,14.0,102.0,99.0,14.0,67.34999999999994,64.34999999999994,1.0
2021-09-03,maximin,15.0,3.0,3.0,15.0,3.0,2.0,1.0
2021-09-03,maximax,13.0,200.0,199.0,13.0,200.0,197.0,1.0
2021-09-03,savage,15.0,3.0,3.0,15.0,3.0,2.0,1.0
2021-09-08,naive,19.0,106.0,99.0,19.0,105.65,98.65,1.0
2021-09-08,maximin,25.0,7.0,4.0,25.0,7.0,1.0,1.0
2021-09-08,maximax,15.0,204.0,198.0,15.0,203.65,196.65,1.0
2021-09-08,savage,25.0,7.0,4.0,25.0,7.0,1.0,1.0
2021-09-11,naive,21.0,204.0,199.0,21.0,204.0,199.0,1.0
2021-09-11,maximin,27.0,5.0,1.0,27.0,5.0,1.0,1.0
2021-09-11,maximax,16.0,503.0,498.0,21.0,204.0,199.0,0.0
2021-09-11,savage,27.0,5.0,1.0,27.0,5.0,1.0,1.0
2021-09-12,naive,22.0,203.0,199.0,22.0,203.0,199.0,1.0
2021-09-12,maximin,27.0,4.0,1.0,27.0,4.0,1.0,1.0
2021-09-12,maximax,17.0,502.0,498.0,22.0,203.0,199.0,0.0
2021-09-12,savage,27.0,4.0,1.0,27.0,4.0,1.0,1.0
2021-09-14,naive,24.0,101.0,100.0,24.0,101.0,98.0,1.0
2021-09-14,maximin,29.0,3.0,3.0,29.0,3.0,2.0,1.0
2021-09-14,maximax,16.0,600.0,598.0,17.0,501.0,498.0,0.0
2021-09-14,savage,29.0,3.0,3.0,29.0,3.0,2.0,1.0
2021-09-16,naive,35.0,103.0,100.0,35.0,67.99999999999994,64.99999999999994,1.0
2021-09-16,maximin,36.0,3.0,0.0,36.0,3.0,0.0,1.0
2021-09-16,maximax,35.0,103.0,100.0,35.0,67.99999999999994,64.99999999999994,1.0
2021-09-16,savage,36.0,3.0,0.0,36.0,3.0,0.0,1.0
2021-09-20,naive,40.0,104.0,100.0,40.0,104.0,100.0,1.0
2021-09-20,maximin,41.0,4.0,0.0,41.0,4.0,0.0,1.0
2021-09-20,maximax,40.0,104.0,100.0,40.0,104.0,100.0,1.0
2021-09-20,savage,41.0,4.0,0.0,41.0,4.0,0.0,1.0
2021-09-29,naive,30.0,100.0,100.0,31.0,64.99999999999994,64.99999999999994,0.0
2021-09-29,maximin,32.0,0.0,0.0,32.0,0.0,0.0,1.0
2021-09-29,maximax,30.0,100.0,100.0,31.0,64.99999999999994,64.99999999999994,0.0
2021-09-29,savage,32.0,0.0,0.0,32.0,0.0,0.0,1.0
2021-10-21,naive,9.0,100.0,100.0,10.0,64.99999999999994,64.99999999999994,0.0
2021-10-21,maximin,11.0,0.0,0.0,11.0,0.0,0.0,1.0
2021-10-21,maximax,6.0,600.0,600.0,8.0,100.0,100.0,0.0
2021-10-21,savage,11.0,0.0,0.0,11.0,0.0,0.0,1.0
2021-10-26,naive,16.0,300.0,300.0,19.0,300.0,299.0,0.0
2021-10-26,maximin,42.0,1.0,1.0,42.0,1.0,0.0,1.0
2021-10-26,maximax,10.0,401.0,400.0,6.0,500.0,499.0,0.0
2021-10-26,savage,42.0,1.0,1.0,42.0,1.0,0.0,1.0
2021-10-28,naive,18.0,400.0,398.0,21.0,301.0,299.0,0.0
2021-10-28,maximin,45.0,2.0,2.0,45.0,2.0,0.0,1.0
2021-10-28,maximax,11.0,600.0,599.0,5.0,729.9999999999999,727.9999999999999,0.0
2021-10-28,savage,45.0,2.0,2.0,45.0,2.0,0.0,1.0
2021-11-01,naive,57.0,105.0,100.0,59.0,105.0,100.0,0.0
2021-11-01,maximin,60.0,5.0,1.0,60.0,5.0,0.35000000000000053,1.0
2021-11-01,maximax,56.0,105.0,100.0,59.0,105.0,100.0,0.0
2021-11-01,savage,60.0,5.0,1.0,60.0,5.0,0.35000000000000053,1.0
2021-11-12,naive,23.0,106.0,100.0,25.0,103.65,97.65,0.0
2021-11-12,maximin,26.0,6.0,1.0,26.0,6.0,0.0,1.0
2021-11-12,maximax,23.0,106.0,100.0,25.0,103.65,97.65,0.0
2021-11-12,savage,26.0,6.0,1.0,26.0,6.0,0.0,1.0
2021-11-13,naive,22.0,107.0,100.0,22.0,106.0,99.0,1.0
2021-11-13,maximin,25.0,7.0,2.0,25.0,7.0,1.0,1.0
2021-11-13,maximax,21.0,201.0,197.0,22.0,106.0,99.0,0.0
2021-11-13,savage,25.0,7.0,2.0,25.0,7.0,1.0,1.0
2021-11-15,naive,30.0,104.0,100.0,31.0,101.65,97.65,0.0
2021-11-15,maximin,35.0,6.0,3.0,35.0,5.6499999999999995,0.6499999999999995,1.0
2021-11-15,maximax,27.0,104.0,100.0,31.0,101.65,97.65,0.0
2021-11-15,savage,35.0,6.0,3.0,35.0,5.6499999999999995,0.6499999999999995,1.0
2021-11-16,naive,24.0,104.0,100.0,27.0,102.6,97.6,0.0
2021-11-16,maximin,32.0,5.0,3.0,32.0,5.0,1.0,1.0
2021-11-16,maximax,26.0,104.0,100.0,27.0,102.6,97.6,0.0
2021-11-16,savage,32.0,5.0,3.0,32.0,5.0,1.0,1.0
2021-11-23,naive,-30.0,0.0,0.0,-30.0,0.0,0.0,1.0
2021-11-23,maximin,-30.0,0.0,0.0,-30.0,0.0,0.0,1.0
2021-11-23,maximax,-30.0,0.0,0.0,-30.0,0.0,0.0,1.0
2021-11-23,savage,-30.0,0.0,0.0,-30.0,0.0,0.0,1.0
2021-11-25,naive,-30.0,0.0,0.0,-30.0,0.0,0.0,1.0
2021-11-25,maximin,-30.0,0.0,0.0,-30.0,0.0,0.0,1.0
2021-11-25,maximax,-30.0,0.0,0.0,-30.0,0.0,0.0,1.0
2021-11-25,savage,-30.0,0.0,0.0,-30.0,0.0,0.0,1.0
2021-11-28,naive,-30.0,0.0,0.0,-30.0,0.0,0.0,1.0
2021-11-28,maximin,-30.0,0.0,0.0,-30.0,0.0,0.0,1.0
2021-11-28,maximax,-30.0,0.0,0.0,-30.0,0.0,0.0,1.0
2021-11-28,savage,-30.0,0.0,0.0,-30.0,0.0,0.0,1.0
2021-12-01,naive,-30.0,0.0,0.0,-30.0,0.0,0.0,1.0
2021-12-01,maximin,-30.0,0.0,0.0,-30.0,0.0,0.0,1.0
2021-12-01,maximax,-30.0,0.0,0.0,-30.0,0.0,0.0,1.0
2021-12-01,savage,-30.0,0.0,0.0,-30.0,0.0,0.0,1.0
2021-12-06,naive,-30.0,0.0,0.0,-30.0,0.0,0.0,1.0
2021-12-06,maximin,-30.0,0.0,0.0,-30.0,0.0,0.0,1.0
2021-12-06,maximax,-30.0,0.0,0.0,-30.0,0.0,0.0,1.0
2021-12-06,savage,-30.0,0.0,0.0,-30.0,0.0,0.0,1.0
2021-12-07,naive,-30.0,0.0,0.0,-30.0,0.0,0.0,1.0
2021-12-07,maximin,-30.0,0.0,0.0,-30.0,0.0,0.0,1.0
2021-12-07,maximax,-30.0,0.0,0.0,-30.0,0.0,0.0,1.0
2021-12-07,savage,-30.0,0.0,0.0,-30.0,0.0,0.0,1.0
2021-12-08,naive,-30.0,0.0,0.0,-30.0,0.0,0.0,1.0
2021-12-08,maximin,-30.0,0.0,0.0,-30.0,0.0,0.0,1.0
2021-12-08,maximax,-30.0,0.0,0.0,-30.0,0.0,0.0,1.0
2021-12-08,savage,-30.0,0.0,0.0,-30.0,0.0,0.0,1.0
2021-12-12,naive,-30.0,0.0,0.0,-30.0,0.0,0.0,1.0
2021-12-12,maximin,-30.0,0.0,0.0,-30.0,0.0,0.0,1.0
2021-12-12,maximax,-30.0,0.0,0.0,-30.0,0.0,0.0,1.0
2021-12-12,savage,-30.0,0.0,0.0,-30.0,0.0,0.0,1.0
2021-12-21,naive,-30.0,0.0,0.0,-30.0,0.0,0.0,1.0
2021-12-21,maximin,-30.0,0.0,0.0,-30.0,0.0,0.0,1.0
2021-12-21,maximax,-30.0,0.0,0.0,-30.0,0.0,0.0,1.0
2021-12-21,savage,-30.0,0.0,0.0,-30.0,0.0,0.0,1.0
2021-12-23,naive,-30.0,0.0,0.0,-30.0,0.0,0.0,1.0
2021-12-23,maximin,-30.0,0.0,0.0,-30.0,0.0,0.0,1.0
2021-12-23,maximax,-30.0,0.0,0.0,-30.0,0.0,0.0,1.0
2021-12-23,savage,-30.0,0.0,0.0,-30.0,0.0,0.0,1.0
2021-12-25,naive,-30.0,0.0,0.0,-30.0,0.0,0.0,1.0
2021-12-25,maximin,-30.0,0.0,0.0,-30.0,0.0,0.0,1.0
2021-12-25,maximax,-30.0,0.0,0.0,-30.0,0.0,0.0,1.0
2021-12-25,savage,-30.0,0.0,0.0,-30.0,0.0,0.0,1.0
2021-12-28,naive,-30.0,0.0,0.0,-30.0,0.0,0.0,1.0
2021-12-28,maximin,-30.0,0.0,0.0,-30.0,0.0,0.0,1.0
2021-12-28,maximax,-30.0,0.0,0.0,-30.0,0.0,0.0,1.0
2021-12-28,savage,-30.0,0.0,0.0,-30.0,0.0,0.0,1.0
2021-12-31,naive,-30.0,0.0,0.0,-30.0,0.0,0.0,1.0
2021-12-31,maximin,-30.0,0.0,0.0,-30.0,0.0,0.0,1.0
2021-12-31,maximax,-30.0,0.0,0.0,-30.0,0.0,0.0,1.0
2021-12-31,savage,-30.0,0.0,0.0,-30.0,0.0,0.0,1.0
2022-01-02,naive,-30.0,0.0,0.0,-30.0,0.0,0.0,1.0
2022-01-02,maximin,-30.0,0.0,0.0,-30.0,0.0,0.0,1.0
2022-01-02,maximax,-30.0,0.0,0.0,-30.0,0.0,0.0,1.0
2022-01-02,savage,-30.0,0.0,0.0,-30.0,0.0,0.0,1.0
2022-01-11,naive,-30.0,0.0,0.0,-30.0,0.0,0.0,1.0
2022-01-11,maximin,-30.0,0.0,0.0,-30.0,0.0,0.0,1.0
2022-01-11,maximax,-30.0,0.0,0.0,-30.0,0.0,0.0,1.0
2022-01-11,savage,-30.0,0.0,0.0,-30.0,0.0,0.0,1.0
2022-01-15,naive,-30.0,0.0,0.0,-30.0,0.0,0.0,1.0
2022-01-15,maximin,-30.0,0.0,0.0,-30.0,0.0,0.0,1.0
2022-01-15,maximax,-30.0,0.0,0.0,-30.0,0.0,0.0,1.0
2022-01-15,savage,-30.0,0.0,0.0,-30.0,0.0,0.0,1.0
2022-01-19,naive,-30.0,0.0,0.0,-30.0,0.0,0.0,1.0
2022-01-19,maximin,-30.0,0.0,0.0,-30.0,0.0,0.0,1.0
2022-01-19,maximax,-30.0,0.0,0.0,-30.0,0.0,0.0,1.0
2022-01-19,savage,-30.0,0.0,0.0,-30.0,0.0,0.0,1.0
2022-01-21,naive,-30.0,0.0,0.0,-30.0,0.0,0.0,1.0
2022-01-21,maximin,-30.0,0.0,0.0,-30.0,0.0,0.0,1.0
2022-01-21,maximax,-30.0,0.0,0.0,-30.0,0.0,0.0,1.0
2022-01-21,savage,-30.0,0.0,0.0,-30.0,0.0,0.0,1.0
2022-01-25,naive,-30.0,0.0,0.0,-30.0,0.0,0.0,1.0
2022-01-25,maximin,-30.0,0.0,0.0,-30.0,0.0,0.0,1.0
2022-01-25,maximax,-30.0,0.0,0.0,-30.0,0.0,0.0,1.0
2022-01-25,savage,-30.0,0.0,0.0,-30.0,0.0,0.0,1.0
2022-01-29,naive,-30.0,0.0,0.0,-30.0,0.0,0.0,1.0
2022-01-29,maximin,-30.0,0.0,0.0,-30.0,0.0,0.0,1.0
2022-01-29,maximax,-30.0,0.0,0.0,-30.0,0.0,0.0,1.0
2022-01-29,savage,-30.0,0.0,0.0,-30.0,0.0,0.0,1.0
2022-01-31,naive,-30.0,0.0,0.0,-30.0,0.0,0.0,1.0
2022-01-31,maximin,-30.0,0.0,0.0,-30.0,0.0,0.0,1.0
2022-01-31,maximax,-30.0,0.0,0.0,-30.0,0.0,0.0,1.0
2022-01-31,savage,-30.0,0.0,0.0,-30.0,0.0,0.0,1.0
2022-02-03,naive,-30.0,0.0,0.0,-30.0,0.0,0.0,1.0
2022-02-03,maximin,-30.0,0.0,0.0,-30.0,0.0,0.0,1.0
2022-02-03,maximax,-30.0,0.0,0.0,-30.0,0.0,0.0,1.0
2022-02-03,savage,-30.0,0.0,0.0,-30.0,0.0,0.0,1.0
2022-02-06,naive,-30.0,0.0,0.0,-30.0,0.0,0.0,1.0
2022-02-06,maximin,-30.0,0.0,0.0,-30.0,0.0,0.0,1.0
2022-02-06,maximax,-30.0,0.0,0.0,-30.0,0.0,0.0,1.0
2022-02-06,savage,-30.0,0.0,0.0,-30.0,0.0,0.0,1.0
2022-02-10,naive,-30.0,0.0,0.0,-30.0,0.0,0.0,1.0
2022-02-10,maximin,-30.0,0.0,0.0,-30.0,0.0,0.0,1.0
2022-02-10,maximax,-30.0,0.0,0.0,-30.0,0.0,0.0,1.0
2022-02-10,savage,-30.0,0.0,0.0,-30.0,0.0,0.0,1.0
2022-02-16,naive,-30.0,0.0,0.0,-30.0,0.0,0.0,1.0
2022-02-16,maximin,-30.0,0.0,0.0,-30.0,0.0,0.0,1.0
2022-02-16,maximax,-30.0,0.0,0.0,-30.0,0.0,0.0,1.0
2022-02-16,savage,-30.0,0.0,0.0,-30.0,0.0,0.0,1.0
2022-02-19,naive,-30.0,0.0,0.0,-30.0,0.0,0.0,1.0
2022-02-19,maximin,-30.0,0.0,0.0,-30.0,0.0,0.0,1.0
2022-02-19,maximax,-30.0,0.0,0.0,-30.0,0.0,0.0,1.0
2022-02-19,savage,-30.0,0.0,0.0,-30.0,0.0,0.0,1.0
2022-02-20,naive,-30.0,0.0,0.0,-30.0,0.0,0.0,1.0
2022-02-20,maximin,-30.0,0.0,0.0,-30.0,0.0,0.0,1.0
2022-02-20,maximax,-30.0,0.0,0.0,-30.0,0.0,0.0,1.0
2022-02-20,savage,-30.0,0.0,0.0,-30.0,0.0,0.0,1.0
2022-02-27,naive,-30.0,0.0,0.0,-30.0,0.0,0.0,1.0
2022-02-27,maximin,-30.0,0.0,0.0,-30.0,0.0,0.0,1.0
2022-02-27,maximax,-30.0,0.0,0.0,-30.0,0.0,0.0,1.0
2022-02-27,savage,-30.0,0.0,0.0,-30.0,0.0,0.0,1.0
2022-03-07,naive,-30.0,0.0,0.0,-30.0,0.0,0.0,1.0
2022-03-07,maximin,-30.0,0.0,0.0,-30.0,0.0,0.0,1.0
2022-03-07,maximax,-30.0,0.0,0.0,-30.0,0.0,0.0,1.0
2022-03-07,savage,-30.0,0.0,0.0,-30.0,0.0,0.0,1.0
2022-03-08,naive,-30.0,0.0,0.0,-30.0,0.0,0.0,1.0
2022-03-08,maximin,-30.0,0.0,0.0,-30.0,0.0,0.0,1.0
2022-03-08,maximax,-30.0,0.0,0.0,-30.0,0.0,0.0,1.0
2022-03-08,savage,-30.0,0.0,0.0,-30.0,0.0,0.0,1.0
2022-03-17,naive,-30.0,0.0,0.0,-30.0,0.0,0.0,1.0
2022-03-17,maximin,-30.0,0.0,0.0,-30.0,0.0,0.0,1.0
2022-03-17,maximax,-30.0,0.0,0.0,-30.0,0.0,0.0,1.0
2022-03-17,savage,-30.0,0.0,0.0,-30.0,0.0,0.0,1.0
2022-03-21,naive,-30.0,0.0,0.0,-30.0,0.0,0.0,1.0
2022-03-21,maximin,-30.0,0.0,0.0,-30.0,0.0,0.0,1.0
2022-03-21,maximax,-30.0,0.0,0.0,-30.0,0.0,0.0,1.0
2022-03-21,savage,-30.0,0.0,0.0,-30.0,0.0,0.0,1.0
2022-03-25,naive,-30.0,0.0,0.0,-30.0,0.0,0.0,1.0
2022-03-25,maximin,-30.0,0.0,0.0,-30.0,0.0,0.0,1.0
2022-03-25,maximax,-30.0,0.0,0.0,-30.0,0.0,0.0,1.0
2022-03-25,savage,-30.0,0.0,0.0,-30.0,0.0,0.0,1.0
2022-04-02,naive,-30.0,0.0,0.0,-30.0,0.0,0.0,1.0
2022-04-02,maximin,-30.0,0.0,0.0,-30.0,0.0,0.0,1.0
2022-04-02,maximax,-30.0,0.0,0.0,-30.0,0.0,0.0,1.0
2022-04-02,savage,-30.0,0.0,0.0,-30.0,0.0,0.0,1.0
2022-04-05,naive,-30.0,0.0,0.0,-30.0,0.0,0.0,1.0
2022-04-05,maximin,-30.0,0.0,0.0,-30.0,0.0,0.0,1.0
2022-04-05,maximax,-30.0,0.0,0.0,-30.0,0.0,0.0,1.0
2022-04-05,savage,-30.0,0.0,0.0,-30.0,0.0,0.0,1.0
2022-04-06,naive,-30.0,0.0,0.0,-30.0,0.0,0.0,1.0
2022-04-06,maximin,-30.0,0.0,0.0,-30.0,0.0,0.0,1.0
2022-04-06,maximax,-30.0,0.0,0.0,-30.0,0.0,0.0,1.0
2022-04-06,savage,-30.0,0.0,0.0,-30.0,0.0,0.0,1.0
2022-04-16,naive,-30.0,0.0,0.0,-30.0,0.0,0.0,1.0
2022-04-16,maximin,-30.0,0.0,0.0,-30.0,0.0,0.0,1.0
2022-04-16,maximax,-30.0,0.0,0.0,-30.0,0.0,0.0,1.0
2022-04-16,savage,-30.0,0.0,0.0,-30.0,0.0,0.0,1.0
2022-04-18,naive,-30.0,0.0,0.0,-30.0,0.0,0.0,1.0
2022-04-18,maximin,-30.0,0.0,0.0,-30.0,0.0,0.0,1.0
2022-04-18,maximax,-30.0,0.0,0.0,-30.0,0.0,0.0,1.0
2022-04-18,savage,-30.0,0.0,0.0,-30.0,0.0,0.0,1.0
2022-04-19,naive,-30.0,0.0,0.0,-30.0,0.0,0.0,1.0
2022-04-19,maximin,-30.0,0.0,0.0,-30.0,0.0,0.0,1.0
2022-04-19,maximax,-30.0,0.0,0.0,-30.0,0.0,0.0,1.0
2022-04-19,savage,-30.0,0.0,0.0,-30.0,0.0,0.0,1.0
2022-04-24,naive,-30.0,0.0,0.0,-30.0,0.0,0.0,1.0
2022-04-24,maximin,-30.0,0.0,0.0,-30.0,0.0,0.0,1.0
2022-04-24,maximax,-30.0,0.0,0.0,-30.0,0.0,0.0,1.0
2022-04-24,savage,-30.0,0.0,0.0,-30.0,0.0,0.0,1.0
2022-04-28,naive,-30.0,0.0,0.0,-30.0,0.0,0.0,1.0
2022-04-28,maximin,-30.0,0.0,0.0,-30.0,0.0,0.0,1.0
2022-04-28,maximax,-30.0,0.0,0.0,-30.0,0.0,0.0,1.0
2022-04-28,savage,-30.0,0.0,0.0,-30.0,0.0,0.0,1.0
2022-05-01,naive,-30.0,0.0,0.0,-30.0,0.0,0.0,1.0
2022-05-01,maximin,-30.0,0.0,0.0,-30.0,0.0,0.0,1.0
2022-05-01,maximax,-30.0,0.0,0.0,-30.0,0.0,0.0,1.0
2022-05-01,savage,-30.0,0.0,0.0,-30.0,0.0,0.0,1.0
2022-05-04,naive,-30.0,0.0,0.0,-30.0,0.0,0.0,1.0
2022-05-04,maximin,-30.0,0.0,0.0,-30.0,0.0,0.0,1.0
2022-05-04,maximax,-30.0,0.0,0.0,-30.0,0.0,0.0,1.0
2022-05-04,savage,-30.0,0.0,0.0,-30.0,0.0,0.0,1.0
2022-05-07,naive,-30.0,0.0,0.0,-30.0,0.0,0.0,1.0
2022-05-07,maximin,-30.0,0.0,0.0,-30.0,0.0,0.0,1.0
2022-05-07,maximax,-30.0,0.0,0.0,-30.0,0.0,0.0,1.0
2022-05-07,savage,-30.0,0.0,0.0,-30.0,0.0,0.0,1.0
2022-05-08,naive,-30.0,0.0,0.0,-30.0,0.0,0.0,1.0
2022-05-08,maximin,-30.0,0.0,0.0,-30.0,0.0,0.0,1.0
2022-05-08,maximax,-30.0,0.0,0.0,-30.0,0.0,0.0,1.0
2022-05-08,savage,-30.0,0.0,0.0,-30.0,0.0,0.0,1.0
2022-05-10,naive,-30.0,0.0,0.0,-30.0,0.0,0.0,1.0
2022-05-10,maximin,-30.0,0.0,0.0,-30.0,0.0,0.0,1.0
2022-05-10,maximax,-30.0,0.0,0.0,-30.0,0.0,0.0,1.0
2022-05-10,savage,-30.0,0.0,0.0,-30.0,0.0,0.0,1.0
2022-05-15,naive,21.0,3.0,3.0,21.0,3.0,1.3500000000000005,1.0
2022-05-15,maximin,21.0,3.0,3.0,21.0,3.0,1.3500000000000005,1.0
2022-05-15,maximax,20.0,201.0,198.0,20.0,201.0,198.0,1.0
2022-05-15,savage,21.0,3.0,3.0,21.0,3.0,1.3500000000000005,1.0
2022-05-17,naive,22.0,205.0,200.0,23.0,105.0,100.0,0.0
2022-05-17,maximin,24.0,5.0,4.0,24.0,5.0,2.0,1.0
2022-05-17,maximax,19.0,500.0,499.0,20.0,267.34999999999997,262.34999999999997,0.0
2022-05-17,savage,24.0,5.0,4.0,24.0,5.0,2.0,1.0
2022-05-21,naive,23.0,101.0,100.0,23.0,101.0,100.0,1.0
2022-05-21,maximin,25.0,1.0,0.0,25.0,1.0,0.0,1.0
2022-05-21,maximax,20.0,700.0,699.0,21.0,301.0,300.0,0.0
2022-05-21,savage,25.0,1.0,0.0,25.0,1.0,0.0,1.0
2022-05-29,naive,26.0,4.0,0.0,26.0,4.0,0.0,1.0
2022-05-29,maximin,26.0,4.0,0.0,26.0,4.0,0.0,1.0
2022-05-29,maximax,24.0,104.0,100.0,25.0,68.99999999999994,64.99999999999994,0.0
2022-05-29,savage,26.0,4.0,0.0,26.0,4.0,0.0,1.0
2022-06-05,naive,-30.0,0.0,0.0,-30.0,0.0,0.0,1.0
2022-06-05,maximin,-30.0,0.0,0.0,-30.0,0.0,0.0,1.0
2022-06-05,maximax,-30.0,0.0,0.0,-30.0,0.0,0.0,1.0
2022-06-05,savage,-30.0,0.0,0.0,-30.0,0.0,0.0,1.0
2022-06-10,naive,-30.0,0.0,0.0,-30.0,0.0,0.0,1.0
2022-06-10,maximin,-30.0,0.0,0.0,-30.0,0.0,0.0,1.0
2022-06-10,maximax,-30.0,0.0,0.0,-30.0,0.0,0.0,1.0
2022-06-10,savage,-30.0,0.0,0.0,-30.0,0.0,0.0,1.0
2022-06-14,naive,-30.0,0.0,0.0,-30.0,0.0,0.0,1.0
2022-06-14,maximin,-30.0,0.0,0.0,-30.0,0.0,0.0,1.0
2022-06-14,maximax,-30.0,0.0,0.0,-30.0,0.0,0.0,1.0
2022-06-14,savage,-30.0,0.0,0.0,-30.0,0.0,0.0,1.0
2022-06-16,naive,-30.0,0.0,0.0,-30.0,0.0,0.0,1.0
2022-06-16,maximin,-30.0,0.0,0.0,-30.0,0.0,0.0,1.0
2022-06-16,maximax,-30.0,0.0,0.0,-30.0,0.0,0.0,1.0
2022-06-16,savage,-30.0,0.0,0.0,-30.0,0.0,0.0,1.0
2022-06-25,naive,-30.0,0.0,0.0,-30.0,0.0,0.0,1.0
2022-06-25,maximin,-30.0,0.0,0.0,-30.0,0.0,0.0,1.0
2022-06-25,maximax,-30.0,0.0,0.0,-30.0,0.0,0.0,1.0
2022-06-25,savage,-30.0,0.0,0.0,-30.0,0.0,0.0,1.0
2022-06-29,naive,12.0,107.0,99.0,12.0,107.0,98.0,1.0
2022-06-29,maximin,17.0,9.0,9.0,17.0,9.0,6.3500000000000005,1.0
2022-06-29,maximax,5.0,100.0,100.0,6.0,101.0,93.65,0.0
2022-06-29,savage,17.0,9.0,9.0,17.0,9.0,6.3500000000000005,1.0
2022-07-15,naive,5.0,1.0,0.0,5.0,1.0,0.0,1.0
2022-07-15,maximin,5.0,1.0,0.0,5.0,1.0,0.0,1.0
2022-07-15,maximax,4.0,201.0,200.0,5.0,1.0,0.0,0.0
2022-07-15,savage,5.0,1.0,0.0,5.0,1.0,0.0,1.0
2022-07-18,naive,4.0,1.0,0.0,4.0,1.0,0.0,1.0
2022-07-18,maximin,4.0,1.0,0.0,4.0,1.0,0.0,1.0
2022-07-18,maximax,4.0,1.0,0.0,4.0,1.0,0.0,1.0
2022-07-18,savage,4.0,1.0,0.0,4.0,1.0,0.0,1.0
2022-07-20,naive,4.0,201.0,200.0,4.0,130.9999999999999,129.9999999999999,1.0
2022-07-20,maximin,5.0,1.0,0.0,5.0,1.0,0.0,1.0
2022-07-20,maximax,4.0,201.0,200.0,4.0,130.9999999999999,129.9999999999999,1.0
2022-07-20,savage,5.0,1.0,0.0,5.0,1.0,0.0,1.0
2022-07-21,naive,4.0,201.0,200.0,5.0,1.0,0.0,0.0
2022-07-21,maximin,5.0,1.0,0.0,5.0,1.0,0.0,1.0
2022-07-21,maximax,4.0,201.0,200.0,5.0,1.0,0.0,0.0
2022-07-21,savage,5.0,1.0,0.0,5.0,1.0,0.0,1.0
2022-08-01,naive,7.0,300.0,300.0,7.0,300.0,300.0,1.0
2022-08-01,maximin,9.0,0.0,0.0,9.0,0.0,0.0,1.0
2022-08-01,maximax,5.0,900.0,900.0,5.0,865.0,865.0,1.0
2022-08-01,savage,9.0,0.0,0.0,9.0,0.0,0.0,1.0
2022-08-02,naive,7.0,300.0,300.0,7.0,300.0,300.0,1.0
2022-08-02,maximin,9.0,0.0,0.0,9.0,0.0,0.0,1.0
2022-08-02,maximax,5.0,1000.0,1000.0,6.0,665.0,665.0,0.0
2022-08-02,savage,9.0,0.0,0.0,9.0,0.0,0.0,1.0
2022-08-03,naive,9.0,100.0,100.0,9.0,64.99999999999994,64.99999999999994,1.0
2022-08-03,maximin,10.0,0.0,0.0,10.0,0.0,0.0,1.0
2022-08-03,maximax,8.0,300.0,300.0,9.0,64.99999999999994,64.99999999999994,0.0
2022-08-03,savage,10.0,0.0,0.0,10.0,0.0,0.0,1.0
2022-08-04,naive,11.0,100.0,100.0,11.0,100.0,100.0,1.0
2022-08-04,maximin,12.0,0.0,0.0,12.0,0.0,0.0,1.0
2022-08-04,maximax,10.0,300.0,300.0,10.0,300.0,300.0,1.0
2022-08-04,savage,12.0,0.0,0.0,12.0,0.0,0.0,1.0
2022-08-15,naive,15.0,100.0,100.0,15.0,100.0,100.0,1.0
2022-08-15,maximin,17.0,0.0,0.0,17.0,0.0,0.0,1.0
2022-08-15,maximax,14.0,100.0,100.0,14.0,100.0,100.0,1.0
2022-08-15,savage,17.0,0.0,0.0,17.0,0.0,0.0,1.0
2022-08-19,naive,25.0,0.0,0.0,25.0,0.0,0.0,1.0
2022-08-19,maximin,25.0,0.0,0.0,25.0,0.0,0.0,1.0
2022-08-19,maximax,24.0,100.0,100.0,25.0,0.0,0.0,0.0
2022-08-19,savage,25.0,0.0,0.0,25.0,0.0,0.0,1.0
2022-08-20,naive,25.0,0.0,0.0,25.0,0.0,0.0,1.0
2022-08-20,maximin,25.0,0.0,0.0,25.0,0.0,0.0,1.0
2022-08-20,maximax,25.0,0.0,0.0,25.0,0.0,0.0,1.0
2022-08-20,savage,25.0,0.0,0.0,25.0,0.0,0.0,1.0
2022-08-27,naive,22.0,100.0,100.0,22.0,100.0,100.0,1.0
2022-08-27,maximin,25.0,0.0,0.0,25.0,0.0,0.0,1.0
2022-08-27,maximax,20.0,200.0,200.0,21.0,100.0,100.0,0.0
2022-08-27,savage,25.0,0.0,0.0,25.0,0.0,0.0,1.0
2022-08-29,naive,30.0,100.0,100.0,30.0,64.99999999999994,64.99999999999994,1.0
2022-08-29,maximin,31.0,0.0,0.0,31.0,0.0,0.0,1.0
2022-08-29,maximax,28.0,200.0,200.0,30.0,64.99999999999994,64.99999999999994,0.0
2022-08-29,savage,31.0,0.0,0.0,31.0,0.0,0.0,1.0
2022-09-05,naive,22.0,202.0,200.0,23.0,2.0,0.0,0.0
2022-09-05,maximin,23.0,2.0,1.0,23.0,2.0,0.0,1.0
2022-09-05,maximax,22.0,202.0,200.0,23.0,2.0,0.0,0.0
2022-09-05,savage,23.0,2.0,1.0,23.0,2.0,0.0,1.0
2022-09-06,naive,22.0,202.0,200.0,23.0,66.99999999999994,64.99999999999994,0.0
2022-09-06,maximin,24.0,2.0,1.0,24.0,2.0,0.0,1.0
2022-09-06,maximax,22.0,202.0,200.0,23.0,66.99999999999994,64.99999999999994,0.0
2022-09-06,savage,24.0,2.0,1.0,24.0,2.0,0.0,1.0
2022-09-09,naive,20.0,201.0,200.0,20.0,201.0,199.0,1.0
2022-09-09,maximin,21.0,2.0,1.0,21.0,2.0,0.0,1.0
2022-09-09,maximax,19.0,301.0,300.0,20.0,201.0,199.0,0.0
2022-09-09,savage,21.0,2.0,1.0,21.0,2.0,0.0,1.0
2022-09-15,naive,28.0,100.0,100.0,29.0,0.0,0.0,0.0
2022-09-15,maximin,29.0,0.0,0.0,29.0,0.0,0.0,1.0
2022-09-15,maximax,27.0,100.0,100.0,28.0,100.0,100.0,0.0
2022-09-15,savage,29.0,0.0,0.0,29.0,0.0,0.0,1.0
2022-09-21,naive,15.0,100.0,100.0,15.0,64.99999999999994,64.99999999999994,1.0
2022-09-21,maximin,16.0,0.0,0.0,16.0,0.0,0.0,1.0
2022-09-21,maximax,13.0,300.0,300.0,14.0,164.99999999999994,164.99999999999994,0.0
2022-09-21,savage,16.0,0.0,0.0,16.0,0.0,0.0,1.0
2022-09-27,naive,19.0,102.0,100.0,20.0,66.99999999999994,64.99999999999994,0.0
2022-09-27,maximin,21.0,2.0,0.0,21.0,2.0,0.0,1.0
2022-09-27,maximax,12.0,401.0,399.0,13.0,265.99999999999994,263.99999999999994,0.0
2022-09-27,savage,21.0,2.0,0.0,21.0,2.0,0.0,1.0
2022-09-28,naive,22.0,102.0,100.0,23.0,2.0,0.0,0.0
2022-09-28,maximin,23.0,2.0,1.0,23.0,2.0,0.0,1.0
2022-09-28,maximax,14.0,102.0,100.0,15.0,102.0,100.0,0.0
2022-09-28,savage,23.0,2.0,1.0,23.0,2.0,0.0,1.0
2022-10-04,naive,18.0,100.0,100.0,18.0,100.0,100.0,1.0
2022-10-04,maximin,20.0,0.0,0.0,20.0,0.0,0.0,1.0
2022-10-04,maximax,17.0,100.0,100.0,18.0,100.0,100.0,0.0
2022-10-04,savage,20.0,0.0,0.0,20.0,0.0,0.0,1.0
2022-10-14,naive,14.0,500.0,500.0,14.0,464.99999999999994,464.99999999999994,1.0
2022-10-14,maximin,18.0,0.0,0.0,18.0,0.0,0.0,1.0
2022-10-14,maximax,12.0,700.0,700.0,14.0,464.99999999999994,464.99999999999994,0.0
2022-10-14,savage,18.0,0.0,0.0,18.0,0.0,0.0,1.0
2022-10-15,naive,13.0,600.0,600.0,16.0,100.0,100.0,0.0
2022-10-15,maximin,18.0,0.0,0.0,18.0,0.0,0.0,1.0
2022-10-15,maximax,11.0,900.0,900.0,12.0,665.0,665.0,0.0
2022-10-15,savage,18.0,0.0,0.0,18.0,0.0,0.0,1.0
2022-10-19,naive,38.0,100.0,100.0,40.0,0.0,0.0,0.0
2022-10-19,maximin,40.0,0.0,0.0,40.0,0.0,0.0,1.0
2022-10-19,maximax,37.0,100.0,100.0,39.0,100.0,100.0,0.0
2022-10-19,savage,40.0,0.0,0.0,40.0,0.0,0.0,1.0
2022-10-21,naive,21.0,200.0,200.0,21.0,200.0,200.0,1.0
2022-10-21,maximin,24.0,0.0,0.0,24.0,0.0,0.0,1.0
2022-10-21,maximax,17.0,300.0,300.0,19.0,200.0,200.0,0.0
2022-10-21,savage,24.0,0.0,0.0,24.0,0.0,0.0,1.0
2022-10-25,naive,18.0,100.0,100.0,19.0,0.0,0.0,0.0
2022-10-25,maximin,19.0,0.0,0.0,19.0,0.0,0.0,1.0
2022-10-25,maximax,17.0,200.0,200.0,18.0,100.0,100.0,0.0
2022-10-25,savage,19.0,0.0,0.0,19.0,0.0,0.0,1.0
2022-10-28,naive,16.0,200.0,200.0,18.0,100.0,100.0,0.0
2022-10-28,maximin,19.0,0.0,0.0,19.0,0.0,0.0,1.0
2022-10-28,maximax,11.0,800.0,800.0,12.0,565.0,565.0,0.0
2022-10-28,savage,19.0,0.0,0.0,19.0,0.0,0.0,1.0
2022-10-29,naive,16.0,300.0,300.0,18.0,100.0,100.0,0.0
2022-10-29,maximin,19.0,0.0,0.0,19.0,0.0,0.0,1.0
2022-10-29,maximax,10.0,1000.0,1000.0,12.0,600.0,600.0,0.0
2022-10-29,savage,19.0,0.0,0.0,19.0,0.0,0.0,1.0
2022-10-30,naive,30.0,100.0,100.0,31.0,100.0,100.0,0.0
2022-10-30,maximin,34.0,0.0,0.0,34.0,0.0,0.0,1.0
2022-10-30,maximax,26.0,200.0,200.0,29.0,100.0,100.0,0.0
2022-10-30,savage,34.0,0.0,0.0,34.0,0.0,0.0,1.0
2022-11-03,naive,31.0,300.0,300.0,39.0,64.99999999999994,64.99999999999994,0.0
2022-11-03,maximin,41.0,0.0,0.0,41.0,0.0,0.0,1.0
2022-11-03,maximax,23.0,1000.0,1000.0,25.0,624.9999999999998,624.9999999999998,0.0
2022-11-03,savage,41.0,0.0,0.0,41.0,0.0,0.0,1.0
2022-11-06,naive,34.0,100.0,100.0,39.0,0.0,0.0,0.0
2022-11-06,maximin,39.0,0.0,0.0,39.0,0.0,0.0,1.0
2022-11-06,maximax,31.0,100.0,100.0,34.0,64.99999999999994,64.99999999999994,0.0
2022-11-06,savage,39.0,0.0,0.0,39.0,0.0,0.0,1.0
2022-11-08,naive,22.0,100.0,100.0,22.0,100.0,100.0,1.0
2022-11-08,maximin,28.0,0.0,0.0,28.0,0.0,0.0,1.0
2022-11-08,maximax,17.0,600.0,600.0,19.0,294.99999999999983,294.99999999999983,0.0
2022-11-08,savage,28.0,0.0,0.0,28.0,0.0,0.0,1.0
2022-11-15,naive,31.0,5.0,4.0,31.0,5.0,1.3500000000000005,1.0
2022-11-15,maximin,31.0,5.0,4.0,31.0,5.0,1.3500000000000005,1.0
2022-11-15,maximax,19.0,400.0,400.0,31.0,5.0,1.3500000000000005,0.0
2022-11-15,savage,31.0,5.0,4.0,31.0,5.0,1.3500000000000005,1.0
2022-11-20,naive,-30.0,0.0,0.0,-30.0,0.0,0.0,1.0
2022-11-20,maximin,-30.0,0.0,0.0,-30.0,0.0,0.0,1.0
2022-11-20,maximax,-30.0,0.0,0.0,-30.0,0.0,0.0,1.0
2022-11-20,savage,-30.0,0.0,0.0,-30.0,0.0,0.0,1.0
2022-11-22,naive,-30.0,0.0,0.0,-30.0,0.0,0.0,1.0
2022-11-22,maximin,-30.0,0.0,0.0,-30.0,0.0,0.0,1.0
2022-11-22,maximax,-30.0,0.0,0.0,-30.0,0.0,0.0,1.0
2022-11-22,savage,-30.0,0.0,0.0,-30.0,0.0,0.0,1.0
2022-11-25,naive,-30.0,0.0,0.0,-30.0,0.0,0.0,1.0
2022-11-25,maximin,-30.0,0.0,0.0,-30.0,0.0,0.0,1.0
2022-11-25,maximax,-30.0,0.0,0.0,-30.0,0.0,0.0,1.0
2022-11-25,savage,-30.0,0.0,0.0,-30.0,0.0,0.0,1.0
2022-11-27,naive,-30.0,0.0,0.0,-30.0,0.0,0.0,1.0
2022-11-27,maximin,-30.0,0.0,0.0,-30.0,0.0,0.0,1.0
2022-11-27,maximax,-30.0,0.0,0.0,-30.0,0.0,0.0,1.0
2022-11-27,savage,-30.0,0.0,0.0,-30.0,0.0,0.0,1.0
2022-11-28,naive,47.0,100.0,100.0,67.0,4.0,1.0,0.0
2022-11-28,maximin,67.0,4.0,4.0,67.0,4.0,1.0,1.0
2022-11-28,maximax,39.0,100.0,100.0,57.0,100.0,96.35,0.0
2022-11-28,savage,67.0,4.0,4.0,67.0,4.0,1.0,1.0
2022-12-02,naive,54.0,104.0,100.0,56.0,102.65,98.65,0.0
2022-12-02,maximin,77.0,7.0,5.0,77.0,7.0,3.0,1.0
2022-12-02,maximax,49.0,104.0,100.0,56.0,102.65,98.65,0.0
2022-12-02,savage,77.0,7.0,5.0,77.0,7.0,3.0,1.0
2022-12-04,naive,66.0,104.0,100.0,75.0,70.69999999999995,63.699999999999946,0.0
2022-12-04,maximin,80.0,7.0,4.0,80.0,7.0,2.3500000000000005,1.0
2022-12-04,maximax,55.0,106.0,100.0,69.0,103.0,96.7,0.0
2022-12-04,savage,80.0,7.0,4.0,80.0,7.0,2.3500000000000005,1.0
2022-12-05,naive,65.0,107.0,100.0,72.0,71.69999999999995,63.699999999999946,0.0
2022-12-05,maximin,86.0,8.0,5.0,86.0,8.0,1.6499999999999995,1.0
2022-12-05,maximax,57.0,107.0,100.0,72.0,71.69999999999995,63.699999999999946,0.0
2022-12-05,savage,86.0,8.0,5.0,86.0,8.0,1.6499999999999995,1.0
2022-12-07,naive,76.0,109.0,100.0,84.0,71.04999999999995,63.399999999999956,0.0
2022-12-07,maximin,-30.0,100.0,98.0,86.0,68.04999999999995,1.0,0.0
2022-12-07,maximax,73.0,109.0,100.0,75.0,105.95,99.3,0.0
2022-12-07,savage,86.0,102.0,2.0,86.0,68.04999999999995,1.0,1.0
2022-12-09,naive,-30.0,0.0,0.0,-30.0,0.0,0.0,1.0
2022-12-09,maximin,-30.0,0.0,0.0,-30.0,0.0,0.0,1.0
2022-12-09,maximax,-30.0,0.0,0.0,-30.0,0.0,0.0,1.0
2022-12-09,savage,-30.0,0.0,0.0,-30.0,0.0,0.0,1.0
2022-12-18,naive,25.0,200.0,200.0,26.0,100.0,99.0,0.0
2022-12-18,maximin,29.0,2.0,2.0,29.0,2.0,1.0,1.0
2022-12-18,maximax,21.0,200.0,200.0,26.0,100.0,99.0,0.0
2022-12-18,savage,29.0,2.0,2.0,29.0,2.0,1.0,1.0
2022-12-23,naive,46.0,104.0,100.0,51.0,103.65,98.65,0.0
2022-12-23,maximin,56.0,5.0,4.0,56.0,5.0,3.0,1.0
2022-12-23,maximax,28.0,500.0,497.0,32.0,200.0,195.0,0.0
2022-12-23,savage,56.0,5.0,4.0,56.0,5.0,3.0,1.0
2022-12-24,naive,49.0,105.0,100.0,53.0,104.3,99.3,0.0
2022-12-24,maximin,54.0,5.0,4.0,54.0,5.0,1.3500000000000005,1.0
2022-12-24,maximax,30.0,303.0,300.0,36.0,103.65,98.65,0.0
2022-12-24,savage,54.0,5.0,4.0,54.0,5.0,1.3500000000000005,1.0
2022-12-26,naive,53.0,104.0,100.0,57.0,104.0,100.0,0.0
2022-12-26,maximin,61.0,4.0,1.0,61.0,4.0,0.0,1.0
2022-12-26,maximax,57.0,104.0,100.0,42.0,104.0,100.0,0.0
2022-12-26,savage,61.0,4.0,1.0,61.0,4.0,0.0,1.0
2022-12-28,naive,52.0,104.0,100.0,61.0,68.99999999999994,64.99999999999994,0.0
2022-12-28,maximin,64.0,4.0,4.0,64.0,4.0,0.0,1.0
2022-12-28,maximax,28.0,600.0,597.0,38.0,167.99999999999994,163.99999999999994,0.0
2022-12-28,savage,64.0,4.0,4.0,64.0,4.0,0.0,1.0
2023-01-03,naive,60.0,401.0,400.0,76.0,66.34999999999994,64.69999999999993,0.0
2023-01-03,maximin,77.0,6.0,5.0,77.0,6.0,0.35000000000000053,1.0
2023-01-03,maximax,45.0,401.0,400.0,76.0,66.34999999999994,64.69999999999993,0.0
2023-01-03,savage,77.0,6.0,5.0,77.0,6.0,0.35000000000000053,1.0
2023-01-10,naive,-30.0,0.0,0.0,-30.0,0.0,0.0,1.0
2023-01-10,maximin,-30.0,0.0,0.0,-30.0,0.0,0.0,1.0
2023-01-10,maximax,-30.0,0.0,0.0,-30.0,0.0,0.0,1.0
2023-01-10,savage,-30.0,0.0,0.0,-30.0,0.0,0.0,1.0
2023-01-14,naive,-30.0,0.0,0.0,-30.0,0.0,0.0,1.0
2023-01-14,maximin,-30.0,0.0,0.0,-30.0,0.0,0.0,1.0
2023-01-14,maximax,-30.0,0.0,0.0,-30.0,0.0,0.0,1.0
2023-01-14,savage,-30.0,0.0,0.0,-30.0,0.0,0.0,1.0
2023-01-18,naive,-30.0,0.0,0.0,-30.0,0.0,0.0,1.0
2023-01-18,maximin,-30.0,0.0,0.0,-30.0,0.0,0.0,1.0
2023-01-18,maximax,-30.0,0.0,0.0,-30.0,0.0,0.0,1.0
2023-01-18,savage,-30.0,0.0,0.0,-30.0,0.0,0.0,1.0
2023-01-22,naive,-30.0,0.0,0.0,-30.0,0.0,0.0,1.0
2023-01-22,maximin,-30.0,0.0,0.0,-30.0,0.0,0.0,1.0
2023-01-22,maximax,-30.0,0.0,0.0,-30.0,0.0,0.0,1.0
2023-01-22,savage,-30.0,0.0,0.0,-30.0,0.0,0.0,1.0
2023-01-23,naive,-30.0,0.0,0.0,-30.0,0.0,0.0,1.0
2023-01-23,maximin,-30.0,0.0,0.0,-30.0,0.0,0.0,1.0
2023-01-23,maximax,-30.0,0.0,0.0,-30.0,0.0,0.0,1.0
2023-01-23,savage,-30.0,0.0,0.0,-30.0,0.0,0.0,1.0
2023-01-24,naive,-30.0,0.0,0.0,-30.0,0.0,0.0,1.0
2023-01-24,maximin,-30.0,0.0,0.0,-30.0,0.0,0.0,1.0
2023-01-24,maximax,-30.0,0.0,0.0,-30.0,0.0,0.0,1.0
2023-01-24,savage,-30.0,0.0,0.0,-30.0,0.0,0.0,1.0
2023-01-26,naive,-30.0,0.0,0.0,-30.0,0.0,0.0,1.0
2023-01-26,maximin,-30.0,0.0,0.0,-30.0,0.0,0.0,1.0
2023-01-26,maximax,-30.0,0.0,0.0,-30.0,0.0,0.0,1.0
2023-01-26,savage,-30.0,0.0,0.0,-30.0,0.0,0.0,1.0
2023-02-09,naive,-30.0,0.0,0.0,-30.0,0.0,0.0,1.0
2023-02-09,maximin,-30.0,0.0,0.0,-30.0,0.0,0.0,1.0
2023-02-09,maximax,-30.0,0.0,0.0,-30.0,0.0,0.0,1.0
2023-02-09,savage,-30.0,0.0,0.0,-30.0,0.0,0.0,1.0
2023-02-10,naive,-30.0,0.0,0.0,-30.0,0.0,0.0,1.0
2023-02-10,maximin,-30.0,0.0,0.0,-30.0,0.0,0.0,1.0
2023-02-10,maximax,-30.0,0.0,0.0,-30.0,0.0,0.0,1.0
2023-02-10,savage,-30.0,0.0,0.0,-30.0,0.0,0.0,1.0
2023-02-11,naive,-30.0,0.0,0.0,-30.0,0.0,0.0,1.0
2023-02-11,maximin,-30.0,0.0,0.0,-30.0,0.0,0.0,1.0
2023-02-11,maximax,-30.0,0.0,0.0,-30.0,0.0,0.0,1.0
2023-02-11,savage,-30.0,0.0,0.0,-30.0,0.0,0.0,1.0
2023-02-13,naive,-30.0,0.0,0.0,-30.0,0.0,0.0,1.0
2023-02-13,maximin,-30.0,0.0,0.0,-30.0,0.0,0.0,1.0
2023-02-13,maximax,-30.0,0.0,0.0,-30.0,0.0,0.0,1.0
2023-02-13,savage,-30.0,0.0,0.0,-30.0,0.0,0.0,1.0
2023-02-19,naive,-30.0,0.0,0.0,-30.0,0.0,0.0,1.0
2023-02-19,maximin,-30.0,0.0,0.0,-30.0,0.0,0.0,1.0
2023-02-19,maximax,-30.0,0.0,0.0,-30.0,0.0,0.0,1.0
2023-02-19,savage,-30.0,0.0,0.0,-30.0,0.0,0.0,1.0
2023-02-23,naive,-30.0,0.0,0.0,-30.0,0.0,0.0,1.0
2023-02-23,maximin,-30.0,0.0,0.0,-30.0,0.0,0.0,1.0
2023-02-23,maximax,-30.0,0.0,0.0,-30.0,0.0,0.0,1.0
2023-02-23,savage,-30.0,0.0,0.0,-30.0,0.0,0.0,1.0
2023-02-24,naive,-30.0,0.0,0.0,-30.0,0.0,0.0,1.0
2023-02-24,maximin,-30.0,0.0,0.0,-30.0,0.0,0.0,1.0
2023-02-24,maximax,-30.0,0.0,0.0,-30.0,0.0,0.0,1.0
2023-02-24,savage,-30.0,0.0,0.0,-30.0,0.0,0.0,1.0
2023-02-26,naive,-30.0,0.0,0.0,-30.0,0.0,0.0,1.0
2023-02-26,maximin,-30.0,0.0,0.0,-30.0,0.0,0.0,1.0
2023-02-26,maximax,-30.0,0.0,0.0,-30.0,0.0,0.0,1.0
2023-02-26,savage,-30.0,0.0,0.0,-30.0,0.0,0.0,1.0
2023-02-28,naive,-30.0,0.0,0.0,-30.0,0.0,0.0,1.0
2023-02-28,maximin,-30.0,0.0,0.0,-30.0,0.0,0.0,1.0
2023-02-28,maximax,-30.0,0.0,0.0,-30.0,0.0,0.0,1.0
2023-02-28,savage,-30.0,0.0,0.0,-30.0,0.0,0.0,1.0
2023-03-01,naive,-30.0,0.0,0.0,-30.0,0.0,0.0,1.0
2023-03-01,maximin,-30.0,0.0,0.0,-30.0,0.0,0.0,1.0
2023-03-01,maximax,-30.0,0.0,0.0,-30.0,0.0,0.0,1.0
2023-03-01,savage,-30.0,0.0,0.0,-30.0,0.0,0.0,1.0
2023-03-08,naive,-30.0,0.0,0.0,-30.0,0.0,0.0,1.0
2023-03-08,maximin,-30.0,0.0,0.0,-30.0,0.0,0.0,1.0
2023-03-08,maximax,-30.0,0.0,0.0,-30.0,0.0,0.0,1.0
2023-03-08,savage,-30.0,0.0,0.0,-30.0,0.0,0.0,1.0
2023-03-12,naive,-30.0,0.0,0.0,-30.0,0.0,0.0,1.0
2023-03-12,maximin,-30.0,0.0,0.0,-30.0,0.0,0.0,1.0
2023-03-12,maximax,-30.0,0.0,0.0,-30.0,0.0,0.0,1.0
2023-03-12,savage,-30.0,0.0,0.0,-30.0,0.0,0.0,1.0
2023-03-21,naive,67.0,200.0,200.0,67.0,131.0499999999999,127.0499999999999,1.0
2023-03-21,maximin,82.0,4.0,4.0,82.0,4.0,2.3500000000000005,1.0
2023-03-21,maximax,45.0,300.0,300.0,55.0,229.9999999999999,225.9999999999999,0.0
2023-03-21,savage,82.0,4.0,4.0,82.0,4.0,2.3500000000000005,1.0
2023-03-22,naive,52.0,300.0,300.0,60.0,100.0,98.0,0.0
2023-03-22,maximin,68.0,3.0,3.0,68.0,3.0,1.0,1.0
2023-03-22,maximax,46.0,400.0,400.0,60.0,100.0,98.0,0.0
2023-03-22,savage,68.0,3.0,3.0,68.0,3.0,1.0,1.0
2023-03-28,naive,87.0,305.0,200.0,72.0,405.0,100.0,0.0
2023-03-28,maximin,83.0,305.0,200.0,83.0,305.0,100.0,1.0
2023-03-28,maximax,88.0,305.0,100.0,88.0,305.0,35.00000000000006,1.0
2023-03-28,savage,90.0,305.0,0.0,90.0,305.0,0.0,1.0
2023-03-31,naive,88.0,108.0,1.0,88.0,72.99999999999994,0.0,1.0
2023-03-31,maximin,78.0,108.0,100.0,88.0,72.99999999999994,0.0,0.0
2023-03-31,maximax,55.0,208.0,200.0,77.0,137.9999999999999,64.99999999999994,0.0
2023-03-31,savage,88.0,108.0,1.0,88.0,72.99999999999994,0.0,1.0
2023-04-03,naive,28.0,100.0,100.0,33.0,65.34999999999994,64.34999999999994,0.0
2023-04-03,maximin,35.0,1.0,1.0,35.0,1.0,0.35000000000000053,1.0
2023-04-03,maximax,24.0,200.0,200.0,32.0,65.34999999999994,64.34999999999994,0.0
2023-04-03,savage,35.0,1.0,1.0,35.0,1.0,0.35000000000000053,1.0
2023-04-04,naive,27.0,200.0,200.0,30.0,164.99999999999994,162.99999999999994,0.0
2023-04-04,maximin,42.0,2.0,2.0,42.0,2.0,2.0,1.0
2023-04-04,maximax,24.0,300.0,300.0,30.0,164.99999999999994,162.99999999999994,0.0
2023-04-04,savage,42.0,2.0,2.0,42.0,2.0,2.0,1.0
2023-04-09,naive,35.0,102.0,100.0,37.0,3.0,1.0,0.0
2023-04-09,maximin,37.0,3.0,1.0,37.0,3.0,1.0,1.0
2023-04-09,maximax,27.0,202.0,200.0,33.0,102.0,99.0,0.0
2023-04-09,savage,37.0,3.0,1.0,37.0,3.0,1.0,1.0
2023-04-12,naive,44.0,202.0,200.0,54.0,66.99999999999994,64.99999999999994,0.0
2023-04-12,maximin,57.0,2.0,0.0,57.0,2.0,0.0,1.0
2023-04-12,maximax,37.0,302.0,300.0,46.0,131.9999999999999,129.9999999999999,0.0
2023-04-12,savage,57.0,2.0,0.0,57.0,2.0,0.0,1.0
2023-04-20,naive,34.0,203.0,200.0,43.0,67.99999999999994,64.99999999999994,0.0
2023-04-20,maximin,62.0,3.0,0.0,62.0,3.0,0.0,1.0
2023-04-20,maximax,25.0,303.0,300.0,32.0,167.99999999999994,164.99999999999994,0.0
2023-04-20,savage,62.0,3.0,0.0,62.0,3.0,0.0,1.0
2023-04-22,naive,32.0,200.0,100.0,41.0,131.69999999999987,63.69999999999993,0.0
2023-04-22,maximin,85.0,103.0,1.0,85.0,67.99999999999994,0.0,1.0
2023-04-22,maximax,28.0,200.0,100.0,33.0,131.0499999999999,100.0,0.0
2023-04-22,savage,85.0,103.0,1.0,85.0,67.99999999999994,0.0,1.0
2023-05-02,naive,19.0,1000.0,900.0,38.0,454.99999999999966,259.99999999999983,0.0
2023-05-02,maximin,88.0,300.0,0.0,88.0,194.99999999999983,0.0,1.0
2023-05-02,maximax,16.0,1000.0,1000.0,23.0,719.9999999999995,524.9999999999998,0.0
2023-05-02,savage,88.0,300.0,0.0,88.0,194.99999999999983,0.0,1.0
2023-05-10,naive,27.0,300.0,295.0,66.0,7.0,1.0,0.0
2023-05-10,maximin,66.0,7.0,5.0,66.0,7.0,1.0,1.0
2023-05-10,maximax,26.0,300.0,295.0,29.0,230.69999999999987,223.69999999999987,0.0
2023-05-10,savage,66.0,7.0,5.0,66.0,7.0,1.0,1.0
2023-05-14,naive,32.0,102.0,100.0,37.0,100.0,91.7,0.0
2023-05-14,maximin,49.0,9.0,8.0,49.0,9.0,1.0,1.0
2023-05-14,maximax,36.0,100.0,100.0,37.0,100.0,91.7,0.0
2023-05-14,savage,49.0,9.0,8.0,49.0,9.0,1.0,1.0
2023-05-16,naive,45.0,107.0,100.0,45.0,107.0,100.0,1.0
2023-05-16,maximin,58.0,7.0,7.0,58.0,7.0,0.0,1.0
2023-05-16,maximax,30.0,300.0,300.0,37.0,200.0,193.0,0.0
2023-05-16,savage,58.0,7.0,7.0,58.0,7.0,0.0,1.0
2023-05-18,naive,46.0,105.0,100.0,46.0,105.0,100.0,1.0
2023-05-18,maximin,56.0,5.0,5.0,56.0,5.0,2.3500000000000005,1.0
2023-05-18,maximax,31.0,500.0,499.0,37.0,230.69999999999987,225.69999999999987,0.0
2023-05-18,savage,56.0,5.0,5.0,56.0,5.0,2.3500000000000005,1.0
2023-05-19,naive,42.0,200.0,196.0,54.0,102.0,98.0,0.0
2023-05-19,maximin,69.0,4.0,4.0,69.0,4.0,0.0,1.0
2023-05-19,maximax,30.0,600.0,599.0,43.0,166.39999999999995,162.39999999999995,0.0
2023-05-19,savage,69.0,4.0,4.0,69.0,4.0,0.0,1.0
2023-05-24,naive,40.0,504.0,500.0,52.0,198.99999999999983,194.99999999999983,0.0
2023-05-24,maximin,57.0,4.0,3.0,57.0,4.0,0.0,1.0
2023-05-24,maximax,35.0,602.0,598.0,44.0,368.99999999999994,364.99999999999994,0.0
2023-05-24,savage,57.0,4.0,3.0,57.0,4.0,0.0,1.0
2023-05-25,naive,49.0,205.0,200.0,53.0,69.34999999999994,64.34999999999994,0.0
2023-05-25,maximin,55.0,5.0,4.0,55.0,5.0,0.0,1.0
2023-05-25,maximax,37.0,500.0,498.0,43.0,269.34999999999997,264.34999999999997,0.0
2023-05-25,savage,55.0,5.0,4.0,55.0,5.0,0.0,1.0
2023-06-04,naive,32.0,301.0,299.0,33.0,301.65,298.65,0.0
2023-06-04,maximin,38.0,3.0,3.0,38.0,3.0,1.0,1.0
2023-06-04,maximax,30.0,301.0,299.0,33.0,301.65,298.65,0.0
2023-06-04,savage,38.0,3.0,3.0,38.0,3.0,1.0,1.0
2023-06-19,naive,56.0,200.0,200.0,57.0,200.0,198.0,0.0
2023-06-19,maximin,66.0,3.0,3.0,66.0,3.0,3.0,1.0
2023-06-19,maximax,43.0,200.0,200.0,46.0,200.0,200.0,0.0
2023-06-19,savage,66.0,3.0,3.0,66.0,3.0,3.0,1.0
2023-06-20,naive,67.0,300.0,300.0,69.0,300.0,297.0,0.0
2023-06-20,maximin,75.0,4.0,4.0,75.0,3.6499999999999995,3.6499999999999995,1.0
2023-06-20,maximax,62.0,300.0,300.0,63.0,300.0,299.0,0.0
2023-06-20,savage,75.0,4.0,4.0,75.0,3.6499999999999995,3.6499999999999995,1.0
2023-06-21,naive,89.0,100.0,100.0,90.0,65.34999999999994,1.0,0.0
2023-06-21,maximin,89.0,100.0,100.0,90.0,65.34999999999994,1.0,0.0
2023-06-21,maximax,88.0,200.0,200.0,89.0,100.0,99.0,0.0
2023-06-21,savage,90.0,100.0,1.0,90.0,65.34999999999994,1.0,1.0
